#
# There is insufficient memory for the Java Runtime Environment to continue.
# Native memory allocation (malloc) failed to allocate 32744 bytes. Error detail: Chunk::new
# Possible reasons:
#   The system is out of physical RAM or swap space
#   This process is running with CompressedOops enabled, and the Java Heap may be blocking the growth of the native heap
# Possible solutions:
#   Reduce memory load on the system
#   Increase physical memory or swap space
#   Check if swap backing store is full
#   Decrease Java heap size (-Xmx/-Xms)
#   Decrease number of Java threads
#   Decrease Java thread stack sizes (-Xss)
#   Set larger code cache with -XX:ReservedCodeCacheSize=
#   JVM is running with Unscaled Compressed Oops mode in which the Java heap is
#     placed in the first 4GB address space. The Java Heap base address is the
#     maximum limit for the native heap growth. Please use -XX:HeapBaseMinAddress
#     to set the Java Heap base and to place the Java Heap above 4GB virtual address.
# This output file may be truncated or incomplete.
#
#  Out of Memory Error (arena.cpp:168), pid=21756, tid=29824
#
# JRE version: OpenJDK Runtime Environment Temurin-21.0.10+7 (21.0.10+7) (build 21.0.10+7-LTS)
# Java VM: OpenJDK 64-Bit Server VM Temurin-21.0.10+7 (21.0.10+7-LTS, mixed mode, sharing, tiered, compressed oops, compressed class ptrs, parallel gc, windows-amd64)
# No core dump will be written. Minidumps are not enabled by default on client versions of Windows
#

---------------  S U M M A R Y ------------

Command Line: --add-modules=ALL-SYSTEM --add-opens=java.base/java.util=ALL-UNNAMED --add-opens=java.base/java.lang=ALL-UNNAMED --add-opens=java.base/sun.nio.fs=ALL-UNNAMED -Declipse.application=org.eclipse.jdt.ls.core.id1 -Dosgi.bundles.defaultStartLevel=4 -Declipse.product=org.eclipse.jdt.ls.core.product -Djava.import.generatesMetadataFilesAtProjectRoot=false -DDetectVMInstallationsJob.disabled=true -Dfile.encoding=utf8 -XX:+UseParallelGC -XX:GCTimeRatio=4 -XX:AdaptiveSizePolicyWeight=90 -Dsun.zip.disableMemoryMapping=true -Xmx2G -Xms100m -Xlog:disable -javaagent:c:\Users\DELL\.antigravity\extensions\redhat.java-1.54.0-win32-x64\lombok\lombok-1.18.39-4050.jar c:\Users\DELL\.antigravity\extensions\redhat.java-1.54.0-win32-x64\server\plugins\org.eclipse.equinox.launcher_1.7.100.v20251111-0406.jar -configuration c:\Users\DELL\AppData\Roaming\Antigravity\User\globalStorage\redhat.java\1.54.0\config_ss_win -data c:\Users\DELL\AppData\Roaming\Antigravity\User\workspaceStorage\ef3b6c5f962f6b7ba8e6f6356c8f0770\redhat.java\ss_ws --pipe=\\.\pipe\lsp-f28f35ef5d1e8b8159582d84417f5b44-sock

Host: 11th Gen Intel(R) Core(TM) i5-11320H @ 3.20GHz, 8 cores, 15G,  Windows 11 , 64 bit Build 22000 (10.0.22000.2538)
Time: Mon May  4 17:58:10 2026 India Standard Time elapsed time: 5.670804 seconds (0d 0h 0m 5s)

---------------  T H R E A D  ---------------

Current thread (0x000002228562a4e0):  JavaThread "main"             [_thread_in_vm, id=29824, stack(0x0000006a7d200000,0x0000006a7d300000) (1024K)]

Stack: [0x0000006a7d200000,0x0000006a7d300000]
Native frames: (J=compiled Java code, j=interpreted, Vv=VM code, C=native code)
V  [jvm.dll+0x6d7a39]
V  [jvm.dll+0x8b4b26]
V  [jvm.dll+0x8b70de]
V  [jvm.dll+0x8b77c3]
V  [jvm.dll+0x284346]
V  [jvm.dll+0xc66ed]
V  [jvm.dll+0xc6c31]
V  [jvm.dll+0x218cbf]
V  [jvm.dll+0x219a05]
V  [jvm.dll+0x21a3f8]
V  [jvm.dll+0x20f62e]
V  [jvm.dll+0x5b644f]
V  [jvm.dll+0x82ead6]
V  [jvm.dll+0x478db8]
V  [jvm.dll+0x47ebe8]
C  [java.dll+0x17ec]

Java frames: (J=compiled Java code, j=interpreted, Vv=VM code)
J 1139  java.lang.ClassLoader.defineClass1(Ljava/lang/ClassLoader;Ljava/lang/String;[BIILjava/security/ProtectionDomain;Ljava/lang/String;)Ljava/lang/Class; java.base@21.0.10 (0 bytes) @ 0x0000022290389211 [0x0000022290389140+0x00000000000000d1]
J 1849 c1 java.lang.ClassLoader.defineClass(Ljava/lang/String;[BIILjava/security/ProtectionDomain;)Ljava/lang/Class; java.base@21.0.10 (43 bytes) @ 0x0000022288b7ef7c [0x0000022288b7ec20+0x000000000000035c]
J 2370 c1 org.eclipse.osgi.internal.loader.ModuleClassLoader.defineClass(Ljava/lang/String;[BLorg/eclipse/osgi/internal/loader/classpath/ClasspathEntry;)Lorg/eclipse/osgi/internal/loader/ModuleClassLoader$DefineClassResult; (67 bytes) @ 0x0000022288c9893c [0x0000022288c98620+0x000000000000031c]
J 2152 c1 org.eclipse.osgi.internal.loader.classpath.ClasspathManager.defineClass(Ljava/lang/String;[BLorg/eclipse/osgi/internal/loader/classpath/ClasspathEntry;Lorg/eclipse/osgi/storage/bundlefile/BundleEntry;Ljava/util/List;)Ljava/lang/Class; (636 bytes) @ 0x0000022288c1e774 [0x0000022288c1ccc0+0x0000000000001ab4]
J 2963 c1 org.eclipse.osgi.internal.loader.classpath.ClasspathManager.findClassImpl(Ljava/lang/String;Lorg/eclipse/osgi/internal/loader/classpath/ClasspathEntry;Ljava/util/List;)Ljava/lang/Class; (328 bytes) @ 0x0000022288de7b24 [0x0000022288de4800+0x0000000000003324]
J 2153 c1 org.eclipse.osgi.internal.loader.classpath.ClasspathManager.findLocalClassImpl(Ljava/lang/String;[Lorg/eclipse/osgi/internal/loader/classpath/ClasspathEntry;Ljava/util/List;)Ljava/lang/Class; (55 bytes) @ 0x0000022288c21964 [0x0000022288c217e0+0x0000000000000184]
J 2207 c1 org.eclipse.osgi.internal.loader.classpath.ClasspathManager.findLocalClassImpl(Ljava/lang/String;Ljava/util/List;)Ljava/lang/Class; (132 bytes) @ 0x0000022288c42f94 [0x0000022288c42a60+0x0000000000000534]
J 2060 c1 org.eclipse.osgi.internal.loader.classpath.ClasspathManager.findLocalClass(Ljava/lang/String;)Ljava/lang/Class; (210 bytes) @ 0x0000022288bdd9a4 [0x0000022288bdcce0+0x0000000000000cc4]
J 2082 c1 org.eclipse.osgi.internal.loader.BundleLoader.findLocalClass(Ljava/lang/String;)Ljava/lang/Class; (159 bytes) @ 0x0000022288becb44 [0x0000022288bebf60+0x0000000000000be4]
J 1962 c1 org.eclipse.osgi.internal.loader.BundleLoader.findClass0(Ljava/lang/String;ZZ)Ljava/lang/Class; (490 bytes) @ 0x0000022288bb786c [0x0000022288bb46e0+0x000000000000318c]
J 1913 c1 org.eclipse.osgi.internal.loader.BundleLoader.findClass(Ljava/lang/String;)Ljava/lang/Class; (8 bytes) @ 0x0000022288ba0acc [0x0000022288ba0a40+0x000000000000008c]
J 1917 c1 org.eclipse.osgi.internal.loader.ModuleClassLoader.loadClass(Ljava/lang/String;Z)Ljava/lang/Class; (36 bytes) @ 0x0000022288ba29cc [0x0000022288ba27a0+0x000000000000022c]
J 1034 c1 java.lang.ClassLoader.loadClass(Ljava/lang/String;)Ljava/lang/Class; java.base@21.0.10 (7 bytes) @ 0x00000222889e3e54 [0x00000222889e3d40+0x0000000000000114]
v  ~StubRoutines::call_stub 0x000002228fd710e7
J 3135  java.lang.Class.getDeclaredConstructors0(Z)[Ljava/lang/reflect/Constructor; java.base@21.0.10 (0 bytes) @ 0x000002229047f2f3 [0x000002229047f2a0+0x0000000000000053]
J 3122 c1 java.lang.Class.privateGetDeclaredConstructors(Z)[Ljava/lang/reflect/Constructor; java.base@21.0.10 (79 bytes) @ 0x0000022288e318ec [0x0000022288e31680+0x000000000000026c]
j  java.lang.Class.getConstructor0([Ljava/lang/Class;I)Ljava/lang/reflect/Constructor;+14 java.base@21.0.10
j  java.lang.Class.getDeclaredConstructor([Ljava/lang/Class;)Ljava/lang/reflect/Constructor;+24 java.base@21.0.10
j  org.eclipse.lsp4j.jsonrpc.services.ServiceEndpoints.lambda$getSupportedMethods$0(Ljava/util/Map;Lorg/eclipse/lsp4j/jsonrpc/services/AnnotationUtil$MethodInfo;)V+83
j  org.eclipse.lsp4j.jsonrpc.services.ServiceEndpoints$$Lambda+0x000002229d2bda18.accept(Ljava/lang/Object;)V+8
j  org.eclipse.lsp4j.jsonrpc.services.AnnotationUtil.findRpcMethods(Ljava/lang/Class;Ljava/util/Set;Ljava/util/function/Consumer;)V+111
j  org.eclipse.lsp4j.jsonrpc.services.AnnotationUtil.findRpcMethods(Ljava/lang/Class;Ljava/util/Set;Ljava/util/function/Consumer;)V+53
j  org.eclipse.lsp4j.jsonrpc.services.ServiceEndpoints.getSupportedMethods(Ljava/lang/Class;Ljava/util/Set;)Ljava/util/Map;+16
j  org.eclipse.lsp4j.jsonrpc.services.ServiceEndpoints.getSupportedMethods(Ljava/lang/Class;)Ljava/util/Map;+10
j  org.eclipse.lsp4j.jsonrpc.Launcher$Builder.getSupportedMethods()Ljava/util/Map;+106
j  org.eclipse.lsp4j.jsonrpc.Launcher$Builder.createJsonHandler()Lorg/eclipse/lsp4j/jsonrpc/json/MessageJsonHandler;+1
j  org.eclipse.lsp4j.jsonrpc.Launcher$Builder.create()Lorg/eclipse/lsp4j/jsonrpc/Launcher;+69
j  org.eclipse.lsp4j.jsonrpc.Launcher.createIoLauncher(Ljava/lang/Object;Ljava/lang/Class;Ljava/io/InputStream;Ljava/io/OutputStream;Ljava/util/concurrent/ExecutorService;Ljava/util/function/Function;)Lorg/eclipse/lsp4j/jsonrpc/Launcher;+33
j  org.eclipse.lsp4j.jsonrpc.Launcher.createLauncher(Ljava/lang/Object;Ljava/lang/Class;Ljava/io/InputStream;Ljava/io/OutputStream;Ljava/util/concurrent/ExecutorService;Ljava/util/function/Function;)Lorg/eclipse/lsp4j/jsonrpc/Launcher;+8
j  org.eclipse.jdt.ls.core.internal.JavaLanguageServerPlugin.startConnection()V+289
j  org.eclipse.jdt.ls.core.internal.JavaLanguageServerPlugin.startLanguageServer(Lorg/eclipse/jdt/ls/core/internal/LanguageServerApplication;)V+16
j  org.eclipse.jdt.ls.core.internal.LanguageServerApplication.start(Lorg/eclipse/equinox/app/IApplicationContext;)Ljava/lang/Object;+5
j  org.eclipse.equinox.internal.app.EclipseAppHandle.run(Ljava/lang/Object;)Ljava/lang/Object;+138
j  org.eclipse.core.runtime.internal.adaptor.EclipseAppLauncher.runApplication(Ljava/lang/Object;)Ljava/lang/Object;+85
j  org.eclipse.core.runtime.internal.adaptor.EclipseAppLauncher.start(Ljava/lang/Object;)Ljava/lang/Object;+79
j  org.eclipse.core.runtime.adaptor.EclipseStarter.run(Ljava/lang/Object;)Ljava/lang/Object;+99
j  org.eclipse.core.runtime.adaptor.EclipseStarter.run([Ljava/lang/String;Ljava/lang/Runnable;)Ljava/lang/Object;+132
j  java.lang.invoke.DirectMethodHandle$Holder.invokeStatic(Ljava/lang/Object;Ljava/lang/Object;Ljava/lang/Object;)Ljava/lang/Object;+11 java.base@21.0.10
j  java.lang.invoke.LambdaForm$MH+0x000002229d08a800.invoke(Ljava/lang/Object;Ljava/lang/Object;Ljava/lang/Object;Ljava/lang/Object;)Ljava/lang/Object;+54 java.base@21.0.10
j  java.lang.invoke.LambdaForm$MH+0x000002229d002c00.invokeExact_MT(Ljava/lang/Object;Ljava/lang/Object;Ljava/lang/Object;Ljava/lang/Object;Ljava/lang/Object;)Ljava/lang/Object;+22 java.base@21.0.10
j  jdk.internal.reflect.DirectMethodHandleAccessor.invokeImpl(Ljava/lang/Object;[Ljava/lang/Object;)Ljava/lang/Object;+72 java.base@21.0.10
j  jdk.internal.reflect.DirectMethodHandleAccessor.invoke(Ljava/lang/Object;[Ljava/lang/Object;)Ljava/lang/Object;+23 java.base@21.0.10
j  java.lang.reflect.Method.invoke(Ljava/lang/Object;[Ljava/lang/Object;)Ljava/lang/Object;+102 java.base@21.0.10
j  org.eclipse.equinox.launcher.Main.invokeFramework([Ljava/lang/String;[Ljava/net/URL;)V+155
j  org.eclipse.equinox.launcher.Main.basicRun([Ljava/lang/String;)V+191
j  org.eclipse.equinox.launcher.Main.run([Ljava/lang/String;)I+4
j  org.eclipse.equinox.launcher.Main.main([Ljava/lang/String;)V+10
v  ~StubRoutines::call_stub 0x000002228fd710e7

Compiled method (n/a) 5690 1139     n 0       java.lang.ClassLoader::defineClass1 (native)
 total in heap  [0x0000022290388f90,0x0000022290389418] = 1160
 relocation     [0x00000222903890f0,0x0000022290389128] = 56
 main code      [0x0000022290389140,0x0000022290389416] = 726
 stub code      [0x0000022290389416,0x0000022290389418] = 2

[Constant Pool (empty)]

[MachCode]
[Entry Point]
  # {method} {0x000002229c434f58} 'defineClass1' '(Ljava/lang/ClassLoader;Ljava/lang/String;[BIILjava/security/ProtectionDomain;Ljava/lang/String;)Ljava/lang/Class;' in 'java/lang/ClassLoader'
  # parm0:    rdx:rdx   = 'java/lang/ClassLoader'
  # parm1:    r8:r8     = 'java/lang/String'
  # parm2:    r9:r9     = '[B'
  # parm3:    rdi       = int
  # parm4:    rsi       = int
  # parm5:    rcx:rcx   = 'java/security/ProtectionDomain'
  # parm6:    [sp+0xa0]   = 'java/lang/String'  (sp of caller)
  0x0000022290389140: 448b 5208 | 49bb 0000 | 009c 2202 | 0000 4d03 | d349 3bc2 | 0f84 0600 

  0x0000022290389158: ;   {runtime_call ic_miss_stub}
  0x0000022290389158: 0000 e921 | 55a3 ff90 
[Verified Entry Point]
  0x0000022290389160: 8984 2400 | 80ff ff55 | 488b ec48 | 81ec 9000 | 0000 6690 | 4181 7f20 | 0200 0000 

  0x000002229038917c: ;   {runtime_call StubRoutines (final stubs)}
  0x000002229038917c: 7405 e87d | 46a2 ff48 | 837d 1000 | 488d 4510 | 480f 4445 | 1048 8944 | 2440 4889 | 4c24 7048 
  0x000002229038919c: 83f9 0048 | 8d44 2470 | 480f 4444 | 2470 4889 | 4424 3848 | 8974 2430 | 4889 7c24 | 284c 894c 
  0x00000222903891bc: 2458 4983 | f900 488d | 4424 5848 | 0f44 4424 | 5848 8944 | 2420 4c89 | 4424 5049 | 83f8 004c 
  0x00000222903891dc: 8d4c 2450 | 4c0f 444c | 2450 4889 | 5424 4848 | 83fa 004c | 8d44 2448 | 4c0f 4444 

  0x00000222903891f8: ;   {oop(a 'java/lang/Class'{0x000000008050c768} = 'java/lang/ClassLoader')}
  0x00000222903891f8: 2448 49be | 68c7 5080 | 0000 0000 | 4c89 7424 | 784c 8d74 | 2478 498b | d6c5 f877 

  0x0000022290389214: ;   {internal_word}
  0x0000022290389214: 49ba 1192 | 3890 2202 | 0000 4d89 | 97a8 0300 | 0049 89a7 | a003 0000 

  0x000002229038922c: ;   {external_word}
  0x000002229038922c: 49ba c65c | 6460 fd7f | 0000 4180 | 3a00 0f84 | 4e00 0000 | 5241 5041 

  0x0000022290389244: ;   {metadata({method} {0x000002229c434f58} 'defineClass1' '(Ljava/lang/ClassLoader;Ljava/lang/String;[BIILjava/security/ProtectionDomain;Ljava/lang/String;)Ljava/lang/Class;' in 'java/lang/ClassLoader')}
  0x0000022290389244: 5148 ba50 | 4f43 9c22 | 0200 0049 | 8bcf 4883 | ec20 40f6 | c40f 0f84 | 1900 0000 | 4883 ec08 
  0x0000022290389264: ;   {runtime_call}
  0x0000022290389264: 48b8 50e1 | 0d60 fd7f | 0000 ffd0 | 4883 c408 | e90c 0000 

  0x0000022290389278: ;   {runtime_call}
  0x0000022290389278: 0048 b850 | e10d 60fd | 7f00 00ff | d048 83c4 | 2041 5941 | 585a 498d | 8fc0 0300 | 0041 c787 
  0x0000022290389298: 4c04 0000 | 0400 0000 

  0x00000222903892a0: ;   {runtime_call}
  0x00000222903892a0: 48b8 ac16 | c0d6 fd7f | 0000 ffd0 | c5f8 7741 | c787 4c04 | 0000 0500 | 0000 f083 | 4424 c000 
  0x00000222903892c0: 493b af50 | 0400 000f | 870e 0000 | 0041 83bf | 4804 0000 | 000f 842b | 0000 00c5 | f877 4889 
  0x00000222903892e0: 45f8 498b | cf4c 8be4 | 4883 ec20 | 4883 e4f0 

  0x00000222903892f0: ;   {runtime_call}
  0x00000222903892f0: 48b8 d052 | d95f fd7f | 0000 ffd0 | 498b e44d | 33e4 488b | 45f8 41c7 | 874c 0400 | 0008 0000 
  0x0000022290389310: 0041 83bf | c804 0000 | 020f 84ca 

  0x000002229038931c: ;   {external_word}
  0x000002229038931c: 0000 0049 | bac6 5c64 | 60fd 7f00 | 0041 803a | 000f 844c | 0000 0048 

  0x0000022290389334: ;   {metadata({method} {0x000002229c434f58} 'defineClass1' '(Ljava/lang/ClassLoader;Ljava/lang/String;[BIILjava/security/ProtectionDomain;Ljava/lang/String;)Ljava/lang/Class;' in 'java/lang/ClassLoader')}
  0x0000022290389334: 8945 f848 | ba50 4f43 | 9c22 0200 | 0049 8bcf | 4883 ec20 | 40f6 c40f | 0f84 1900 | 0000 4883 
  0x0000022290389354: ;   {runtime_call}
  0x0000022290389354: ec08 48b8 | 50e1 0d60 | fd7f 0000 | ffd0 4883 | c408 e90c 

  0x0000022290389368: ;   {runtime_call}
  0x0000022290389368: 0000 0048 | b850 e10d | 60fd 7f00 | 00ff d048 | 83c4 2048 | 8b45 f849 | c787 a003 | 0000 0000 
  0x0000022290389388: 0000 49c7 | 87a8 0300 | 0000 0000 | 00c5 f877 | 4885 c00f | 8425 0000 | 00a8 030f | 8508 0000 
  0x00000222903893a8: 0048 8b00 | e915 0000 | 00a8 010f | 8509 0000 | 0048 8b40 | fee9 0400 | 0000 488b | 40ff 498b 
  0x00000222903893c8: 8f30 0400 | 00c7 8100 | 0100 0000 | 0000 00c9 | 4983 7f08 | 000f 8501 | 0000 00c3 

  0x00000222903893e4: ;   {runtime_call StubRoutines (initial stubs)}
  0x00000222903893e4: e917 7b9e | ffc5 f877 | 4889 45f8 | 4c8b e448 | 83ec 2048 

  0x00000222903893f8: ;   {runtime_call}
  0x00000222903893f8: 83e4 f048 | b8a0 180e | 60fd 7f00 | 00ff d049 | 8be4 4d33 | e448 8b45 | f8e9 09ff | ffff f4f4 
[/MachCode]


Compiled method (c1) 5698 1849       3       java.lang.ClassLoader::defineClass (43 bytes)
 total in heap  [0x0000022288b7ea10,0x0000022288b7f370] = 2400
 relocation     [0x0000022288b7eb70,0x0000022288b7ec10] = 160
 main code      [0x0000022288b7ec20,0x0000022288b7f0c0] = 1184
 stub code      [0x0000022288b7f0c0,0x0000022288b7f138] = 120
 metadata       [0x0000022288b7f138,0x0000022288b7f168] = 48
 scopes data    [0x0000022288b7f168,0x0000022288b7f258] = 240
 scopes pcs     [0x0000022288b7f258,0x0000022288b7f338] = 224
 dependencies   [0x0000022288b7f338,0x0000022288b7f348] = 16
 nul chk table  [0x0000022288b7f348,0x0000022288b7f370] = 40

[Constant Pool (empty)]

[MachCode]
[Entry Point]
  # {method} {0x000002229c4352d8} 'defineClass' '(Ljava/lang/String;[BIILjava/security/ProtectionDomain;)Ljava/lang/Class;' in 'java/lang/ClassLoader'
  # this:     rdx:rdx   = 'java/lang/ClassLoader'
  # parm0:    r8:r8     = 'java/lang/String'
  # parm1:    r9:r9     = '[B'
  # parm2:    rdi       = int
  # parm3:    rsi       = int
  # parm4:    rcx:rcx   = 'java/security/ProtectionDomain'
  #           [sp+0xc0]  (sp of caller)
  0x0000022288b7ec20: 448b 5208 | 49bb 0000 | 009c 2202 | 0000 4d03 | d34c 3bd0 

  0x0000022288b7ec34: ;   {runtime_call ic_miss_stub}
  0x0000022288b7ec34: 0f85 46fa | 2307 660f | 1f44 0000 
[Verified Entry Point]
  0x0000022288b7ec40: 8984 2400 | 80ff ff55 | 4881 ecb0 | 0000 0090 | 4181 7f20 | 0200 0000 

  0x0000022288b7ec58: ;   {runtime_call StubRoutines (final stubs)}
  0x0000022288b7ec58: 7405 e8a1 | eb22 0748 | 8954 2478 

  0x0000022288b7ec64: ;   {metadata(method data for {method} {0x000002229c4352d8} 'defineClass' '(Ljava/lang/String;[BIILjava/security/ProtectionDomain;)Ljava/lang/Class;' in 'java/lang/ClassLoader')}
  0x0000022288b7ec64: 48bb 08d8 | 36df 2202 | 0000 8b83 | cc00 0000 | 83c0 0289 | 83cc 0000 | 0025 fe07 | 0000 85c0 
  0x0000022288b7ec84: 0f84 5803 | 0000 89b4 | 2494 0000 | 0089 bc24 | 9000 0000 | 4c89 8c24 | 8800 0000 

  0x0000022288b7eca0: ;   {metadata(method data for {method} {0x000002229c4352d8} 'defineClass' '(Ljava/lang/String;[BIILjava/security/ProtectionDomain;)Ljava/lang/Class;' in 'java/lang/ClassLoader')}
  0x0000022288b7eca0: 488b da48 | b808 d836 | df22 0200 | 0048 8380 | 1001 0000 | 0149 8bd8 | 4c8b c34c | 8bc9 488b 
  0x0000022288b7ecc0: ca48 8bd1 | 4889 9c24 | 8000 0000 

  0x0000022288b7eccc: ;   {optimized virtual_call}
  0x0000022288b7eccc: 6666 90e8 

  0x0000022288b7ecd0: ; ImmutableOopMap {[120]=Oop [128]=Oop [136]=Oop }
                      ;*invokevirtual preDefineClass {reexecute=0 rethrow=0 return_oop=0}
                      ; - java.lang.ClassLoader::defineClass@4
  0x0000022288b7ecd0: ccb5 efff 

  0x0000022288b7ecd4: ;   {other}
  0x0000022288b7ecd4: 0f1f 8400 | c402 0000 | 4889 8424 | 9800 0000 | 488b 5424 

  0x0000022288b7ece8: ;   {metadata(method data for {method} {0x000002229c4352d8} 'defineClass' '(Ljava/lang/String;[BIILjava/security/ProtectionDomain;)Ljava/lang/Class;' in 'java/lang/ClassLoader')}
  0x0000022288b7ece8: 7849 b808 | d836 df22 | 0200 0049 | 8380 4801 

  0x0000022288b7ecf8: ;   {metadata(method data for {method} {0x000002229c434fc0} 'defineClassSourceLocation' '(Ljava/security/ProtectionDomain;)Ljava/lang/String;' in 'java/lang/ClassLoader')}
  0x0000022288b7ecf8: 0000 0149 | b820 df36 | df22 0200 | 0041 8b90 | cc00 0000 | 83c2 0241 | 8990 cc00 | 0000 81e2 
  0x0000022288b7ed18: feff 1f00 | 85d2 0f84 | df02 0000 

  0x0000022288b7ed24: ; implicit exception: dispatches to 0x0000022288b7f024
  0x0000022288b7ed24: 483b 004c 

  0x0000022288b7ed28: ;   {metadata(method data for {method} {0x000002229c434fc0} 'defineClassSourceLocation' '(Ljava/security/ProtectionDomain;)Ljava/lang/String;' in 'java/lang/ClassLoader')}
  0x0000022288b7ed28: 8bc0 48ba | 20df 36df | 2202 0000 | 4883 8210 | 0100 0001 | 448b 4010 

  0x0000022288b7ed40: ;   {metadata(method data for {method} {0x000002229c434fc0} 'defineClassSourceLocation' '(Ljava/security/ProtectionDomain;)Ljava/lang/String;' in 'java/lang/ClassLoader')}
  0x0000022288b7ed40: 4d85 c048 | ba20 df36 | df22 0200 | 0048 c7c6 | 5801 0000 | 7507 48c7 | c648 0100 | 0048 8b3c 
  0x0000022288b7ed60: 3248 8d7f | 0148 893c | 320f 850f 

  0x0000022288b7ed6c: ;   {oop(nullptr)}
  0x0000022288b7ed6c: 0000 0048 | bb00 0000 | 0000 0000 | 00e9 a901 | 0000 493b | 0049 8bd0 

  0x0000022288b7ed84: ;   {metadata(method data for {method} {0x000002229c434fc0} 'defineClassSourceLocation' '(Ljava/security/ProtectionDomain;)Ljava/lang/String;' in 'java/lang/ClassLoader')}
  0x0000022288b7ed84: 48be 20df | 36df 2202 | 0000 4883 | 8668 0100 | 0001 418b | 500c 4885 

  0x0000022288b7ed9c: ;   {metadata(method data for {method} {0x000002229c434fc0} 'defineClassSourceLocation' '(Ljava/security/ProtectionDomain;)Ljava/lang/String;' in 'java/lang/ClassLoader')}
  0x0000022288b7ed9c: d248 be20 | df36 df22 | 0200 0048 | c7c7 b001 | 0000 7507 | 48c7 c7a0 | 0100 0048 | 8b1c 3e48 
  0x0000022288b7edbc: 8d5b 0148 | 891c 3e0f | 850f 0000 

  0x0000022288b7edc8: ;   {oop(nullptr)}
  0x0000022288b7edc8: 0048 bb00 | 0000 0000 | 0000 00e9 | 4f01 0000 

  0x0000022288b7edd8: ;   {metadata(method data for {method} {0x000002229c434fc0} 'defineClassSourceLocation' '(Ljava/security/ProtectionDomain;)Ljava/lang/String;' in 'java/lang/ClassLoader')}
  0x0000022288b7edd8: 48be 20df | 36df 2202 | 0000 4883 | 86c0 0100 | 0001 483b | 024c 8bc2 

  0x0000022288b7edf0: ;   {metadata(method data for {method} {0x000002229c434fc0} 'defineClassSourceLocation' '(Ljava/security/ProtectionDomain;)Ljava/lang/String;' in 'java/lang/ClassLoader')}
  0x0000022288b7edf0: 48be 20df | 36df 2202 | 0000 4883 | 86f8 0100 

  0x0000022288b7ee00: ;   {metadata(method data for {method} {0x000002229c01abf0} 'toString' '()Ljava/lang/String;' in 'java/net/URL')}
  0x0000022288b7ee00: 0001 49b8 | f0d2 36df | 2202 0000 | 418b b0cc | 0000 0083 | c602 4189 | b0cc 0000 | 0081 e6fe 
  0x0000022288b7ee20: ff1f 0085 | f60f 8408 | 0200 004c 

  0x0000022288b7ee2c: ;   {metadata(method data for {method} {0x000002229c01abf0} 'toString' '()Ljava/lang/String;' in 'java/net/URL')}
  0x0000022288b7ee2c: 8bc2 48be | f0d2 36df | 2202 0000 | 4883 8610 | 0100 0001 

  0x0000022288b7ee40: ;   {metadata(method data for {method} {0x000002229c428b60} 'toExternalForm' '()Ljava/lang/String;' in 'java/net/URL')}
  0x0000022288b7ee40: 49b8 6074 | 36df 2202 | 0000 418b | b0cc 0000 | 0083 c602 | 4189 b0cc | 0000 0081 | e6fe ff1f 
  0x0000022288b7ee60: 0085 f60f | 84eb 0100 | 008b 7238 

  0x0000022288b7ee6c: ; implicit exception: dispatches to 0x0000022288b7f075
  0x0000022288b7ee6c: 483b 064c 

  0x0000022288b7ee70: ;   {metadata(method data for {method} {0x000002229c428b60} 'toExternalForm' '()Ljava/lang/String;' in 'java/net/URL')}
  0x0000022288b7ee70: 8bc6 48bf | 6074 36df | 2202 0000 | 458b 4008 | 49ba 0000 | 009c 2202 | 0000 4d03 | c24c 3b87 
  0x0000022288b7ee90: 2001 0000 | 750d 4883 | 8728 0100 | 0001 e960 | 0000 004c | 3b87 3001 | 0000 750d | 4883 8738 
  0x0000022288b7eeb0: 0100 0001 | e94a 0000 | 0048 83bf | 2001 0000 | 0075 174c | 8987 2001 | 0000 48c7 | 8728 0100 
  0x0000022288b7eed0: 0001 0000 | 00e9 2900 | 0000 4883 | bf30 0100 | 0000 7517 | 4c89 8730 | 0100 0048 | c787 3801 
  0x0000022288b7eef0: 0000 0100 | 0000 e908 | 0000 0048 | 8387 1001 | 0000 014c | 8bc2 488b | d60f 1f40 | 0048 b8ff 
  0x0000022288b7ef10: ffff ffff 

  0x0000022288b7ef14: ;   {virtual_call}
  0x0000022288b7ef14: ffff ffe8 

  0x0000022288b7ef18: ; ImmutableOopMap {[120]=Oop [128]=Oop [136]=Oop [152]=Oop }
                      ;*invokevirtual toExternalForm {reexecute=0 rethrow=0 return_oop=0}
                      ; - java.net.URL::toExternalForm@5
                      ; - java.net.URL::toString@1
                      ; - java.lang.ClassLoader::defineClassSourceLocation@22
                      ; - java.lang.ClassLoader::defineClass@12
  0x0000022288b7ef18: e4d7 2f07 

  0x0000022288b7ef1c: ;   {other}
  0x0000022288b7ef1c: 0f1f 8400 | 0c05 0001 | 488b d848 | 8b84 2498 | 0000 008b | b424 9400 | 0000 8bbc | 2490 0000 
  0x0000022288b7ef3c: 004c 8b8c | 2488 0000 | 004c 8b84 | 2480 0000 | 0048 8b54 

  0x0000022288b7ef50: ;   {metadata(method data for {method} {0x000002229c4352d8} 'defineClass' '(Ljava/lang/String;[BIILjava/security/ProtectionDomain;)Ljava/lang/Class;' in 'java/lang/ClassLoader')}
  0x0000022288b7ef50: 2478 48b9 | 08d8 36df | 2202 0000 | 4883 8180 | 0100 0001 | 4c8b da49 | 8bd3 488b | c848 891c 
  0x0000022288b7ef70: 2466 0f1f 

  0x0000022288b7ef74: ;   {static_call}
  0x0000022288b7ef74: 4400 00e8 

  0x0000022288b7ef78: ; ImmutableOopMap {[120]=Oop [152]=Oop }
                      ;*invokestatic defineClass1 {reexecute=0 rethrow=0 return_oop=0}
                      ; - java.lang.ClassLoader::defineClass@27
  0x0000022288b7ef78: e4a1 8007 

  0x0000022288b7ef7c: ;   {other}
  0x0000022288b7ef7c: 0f1f 8400 | 6c05 0002 | 488b 5424 

  0x0000022288b7ef88: ;   {metadata(method data for {method} {0x000002229c4352d8} 'defineClass' '(Ljava/lang/String;[BIILjava/security/ProtectionDomain;)Ljava/lang/Class;' in 'java/lang/ClassLoader')}
  0x0000022288b7ef88: 7849 b808 | d836 df22 | 0200 0049 | 8380 9001 | 0000 014c | 8bc0 4c8b | 8c24 9800 | 0000 488b 
  0x0000022288b7efa8: 5424 7848 | 8984 24a0 | 0000 000f 

  0x0000022288b7efb4: ;   {optimized virtual_call}
  0x0000022288b7efb4: 1f40 00e8 

  0x0000022288b7efb8: ; ImmutableOopMap {[160]=Oop }
                      ;*invokevirtual postDefineClass {reexecute=0 rethrow=0 return_oop=0}
                      ; - java.lang.ClassLoader::defineClass@37
  0x0000022288b7efb8: 64ab f8ff 

  0x0000022288b7efbc: ;   {other}
  0x0000022288b7efbc: 0f1f 8400 | ac05 0003 | 488b 8424 | a000 0000 | 4881 c4b0 | 0000 005d 

  0x0000022288b7efd4: ;   {poll_return}
  0x0000022288b7efd4: 493b a750 | 0400 000f | 8799 0000 

  0x0000022288b7efe0: ;   {metadata({method} {0x000002229c4352d8} 'defineClass' '(Ljava/lang/String;[BIILjava/security/ProtectionDomain;)Ljava/lang/Class;' in 'java/lang/ClassLoader')}
  0x0000022288b7efe0: 00c3 49ba | d052 439c | 2202 0000 | 4c89 5424 | 0848 c704 | 24ff ffff 

  0x0000022288b7eff8: ;   {runtime_call counter_overflow Runtime1 stub}
  0x0000022288b7eff8: ffe8 8284 

  0x0000022288b7effc: ; ImmutableOopMap {rdx=Oop r8=Oop r9=Oop rcx=Oop [120]=Oop }
                      ;*synchronization entry
                      ; - java.lang.ClassLoader::defineClass@-1
  0x0000022288b7effc: 2f07 e987 

  0x0000022288b7f000: ;   {metadata({method} {0x000002229c434fc0} 'defineClassSourceLocation' '(Ljava/security/ProtectionDomain;)Ljava/lang/String;' in 'java/lang/ClassLoader')}
  0x0000022288b7f000: fcff ff49 | bab8 4f43 | 9c22 0200 | 004c 8954 | 2408 48c7 | 0424 ffff 

  0x0000022288b7f018: ;   {runtime_call counter_overflow Runtime1 stub}
  0x0000022288b7f018: ffff e861 

  0x0000022288b7f01c: ; ImmutableOopMap {rax=Oop [120]=Oop [128]=Oop [136]=Oop [152]=Oop }
                      ;*synchronization entry
                      ; - java.lang.ClassLoader::defineClassSourceLocation@-1
                      ; - java.lang.ClassLoader::defineClass@12
  0x0000022288b7f01c: 842f 07e9 | 00fd ffff 

  0x0000022288b7f024: ;   {runtime_call throw_null_pointer_exception Runtime1 stub}
  0x0000022288b7f024: e8f7 112f 

  0x0000022288b7f028: ; ImmutableOopMap {rax=Oop [120]=Oop [128]=Oop [136]=Oop [152]=Oop }
                      ;*invokevirtual getCodeSource {reexecute=0 rethrow=0 return_oop=0}
                      ; - java.lang.ClassLoader::defineClassSourceLocation@1
                      ; - java.lang.ClassLoader::defineClass@12
                      ;   {runtime_call throw_null_pointer_exception Runtime1 stub}
  0x0000022288b7f028: 07e8 f211 

  0x0000022288b7f02c: ; ImmutableOopMap {rax=Oop r8=Oop [120]=Oop [128]=Oop [136]=Oop [152]=Oop }
                      ;*invokevirtual getLocation {reexecute=0 rethrow=0 return_oop=0}
                      ; - java.lang.ClassLoader::defineClassSourceLocation@12
                      ; - java.lang.ClassLoader::defineClass@12
                      ;   {runtime_call throw_null_pointer_exception Runtime1 stub}
  0x0000022288b7f02c: 2f07 e8ed 

  0x0000022288b7f030: ; ImmutableOopMap {rdx=Oop [120]=Oop [128]=Oop [136]=Oop [152]=Oop }
                      ;*invokevirtual toString {reexecute=0 rethrow=0 return_oop=0}
                      ; - java.lang.ClassLoader::defineClassSourceLocation@22
                      ; - java.lang.ClassLoader::defineClass@12
                      ;   {metadata({method} {0x000002229c01abf0} 'toString' '()Ljava/lang/String;' in 'java/net/URL')}
  0x0000022288b7f030: 112f 0749 | bae8 ab01 | 9c22 0200 | 004c 8954 | 2408 48c7 | 0424 ffff 

  0x0000022288b7f048: ;   {runtime_call counter_overflow Runtime1 stub}
  0x0000022288b7f048: ffff e831 

  0x0000022288b7f04c: ; ImmutableOopMap {rdx=Oop [120]=Oop [128]=Oop [136]=Oop [152]=Oop }
                      ;*synchronization entry
                      ; - java.net.URL::toString@-1
                      ; - java.lang.ClassLoader::defineClassSourceLocation@22
                      ; - java.lang.ClassLoader::defineClass@12
  0x0000022288b7f04c: 842f 07e9 | d7fd ffff 

  0x0000022288b7f054: ;   {metadata({method} {0x000002229c428b60} 'toExternalForm' '()Ljava/lang/String;' in 'java/net/URL')}
  0x0000022288b7f054: 49ba 588b | 429c 2202 | 0000 4c89 | 5424 0848 | c704 24ff 

  0x0000022288b7f068: ;   {runtime_call counter_overflow Runtime1 stub}
  0x0000022288b7f068: ffff ffe8 

  0x0000022288b7f06c: ; ImmutableOopMap {rdx=Oop [120]=Oop [128]=Oop [136]=Oop [152]=Oop }
                      ;*synchronization entry
                      ; - java.net.URL::toExternalForm@-1
                      ; - java.net.URL::toString@1
                      ; - java.lang.ClassLoader::defineClassSourceLocation@22
                      ; - java.lang.ClassLoader::defineClass@12
  0x0000022288b7f06c: 1084 2f07 | e9f4 fdff 

  0x0000022288b7f074: ;   {runtime_call throw_null_pointer_exception Runtime1 stub}
  0x0000022288b7f074: ffe8 a611 

  0x0000022288b7f078: ; ImmutableOopMap {rdx=Oop rsi=Oop [120]=Oop [128]=Oop [136]=Oop [152]=Oop }
                      ;*invokevirtual toExternalForm {reexecute=0 rethrow=0 return_oop=0}
                      ; - java.net.URL::toExternalForm@5
                      ; - java.net.URL::toString@1
                      ; - java.lang.ClassLoader::defineClassSourceLocation@22
                      ; - java.lang.ClassLoader::defineClass@12
                      ;   {internal_word}
  0x0000022288b7f078: 2f07 49ba | d4ef b788 | 2202 0000 | 4d89 9768 

  0x0000022288b7f088: ;   {runtime_call SafepointBlob}
  0x0000022288b7f088: 0400 00e9 | f06a 2407 | 498b 8700 | 0500 0049 | c787 0005 | 0000 0000 | 0000 49c7 | 8708 0500 
  0x0000022288b7f0a8: 0000 0000 | 0048 81c4 | b000 0000 

  0x0000022288b7f0b4: ;   {runtime_call unwind_exception Runtime1 stub}
  0x0000022288b7f0b4: 5de9 46f6 | 2e07 f4f4 | f4f4 f4f4 
[Stub Code]
  0x0000022288b7f0c0: ;   {no_reloc}
  0x0000022288b7f0c0: 0f1f 4400 

  0x0000022288b7f0c4: ;   {static_stub}
  0x0000022288b7f0c4: 0048 bb00 | 0000 0000 

  0x0000022288b7f0cc: ;   {runtime_call nmethod}
  0x0000022288b7f0cc: 0000 00e9 | fbff ffff 

  0x0000022288b7f0d4: ;   {static_stub}
  0x0000022288b7f0d4: 48bb 0000 | 0000 0000 

  0x0000022288b7f0dc: ;   {runtime_call nmethod}
  0x0000022288b7f0dc: 0000 e9fb 

  0x0000022288b7f0e0: ;   {static_stub}
  0x0000022288b7f0e0: ffff ff48 | bb00 0000 | 0000 0000 

  0x0000022288b7f0ec: ;   {runtime_call nmethod}
  0x0000022288b7f0ec: 00e9 fbff 

  0x0000022288b7f0f0: ;   {static_stub}
  0x0000022288b7f0f0: ffff 48bb | 0000 0000 | 0000 0000 

  0x0000022288b7f0fc: ;   {runtime_call nmethod}
  0x0000022288b7f0fc: e9fb ffff 

  0x0000022288b7f100: ;   {runtime_call handle_exception_from_callee Runtime1 stub}
  0x0000022288b7f100: ffe8 fa3c 

  0x0000022288b7f104: ;   {external_word}
  0x0000022288b7f104: 2f07 48b9 | 4053 3a60 | fd7f 0000 | 4883 e4f0 

  0x0000022288b7f114: ;   {runtime_call}
  0x0000022288b7f114: 48b8 b0c3 | fc5f fd7f | 0000 ffd0 

  0x0000022288b7f120: ;   {section_word}
  0x0000022288b7f120: f449 ba21 | f1b7 8822 | 0200 0041 

  0x0000022288b7f12c: ;   {runtime_call DeoptimizationBlob}
  0x0000022288b7f12c: 52e9 ee7e | 2407 f4f4 | f4f4 f4f4 
[/MachCode]


Compiled method (c1) 5724 2370   !   3       org.eclipse.osgi.internal.loader.ModuleClassLoader::defineClass (67 bytes)
 total in heap  [0x0000022288c98410,0x0000022288c98ff0] = 3040
 relocation     [0x0000022288c98570,0x0000022288c98618] = 168
 main code      [0x0000022288c98620,0x0000022288c98c20] = 1536
 stub code      [0x0000022288c98c20,0x0000022288c98c90] = 112
 oops           [0x0000022288c98c90,0x0000022288c98c98] = 8
 metadata       [0x0000022288c98c98,0x0000022288c98cd8] = 64
 scopes data    [0x0000022288c98cd8,0x0000022288c98e28] = 336
 scopes pcs     [0x0000022288c98e28,0x0000022288c98f38] = 272
 dependencies   [0x0000022288c98f38,0x0000022288c98f50] = 24
 handler table  [0x0000022288c98f50,0x0000022288c98fc8] = 120
 nul chk table  [0x0000022288c98fc8,0x0000022288c98ff0] = 40

[Constant Pool (empty)]

[MachCode]
[Entry Point]
  # {method} {0x00000222df5df800} 'defineClass' '(Ljava/lang/String;[BLorg/eclipse/osgi/internal/loader/classpath/ClasspathEntry;)Lorg/eclipse/osgi/internal/loader/ModuleClassLoader$DefineClassResult;' in 'org/eclipse/osgi/internal/loader/ModuleClassLoader'
  # this:     rdx:rdx   = 'org/eclipse/osgi/internal/loader/ModuleClassLoader'
  # parm0:    r8:r8     = 'java/lang/String'
  # parm1:    r9:r9     = '[B'
  # parm2:    rdi:rdi   = 'org/eclipse/osgi/internal/loader/classpath/ClasspathEntry'
  #           [sp+0xb0]  (sp of caller)
  0x0000022288c98620: 448b 5208 | 49bb 0000 | 009c 2202 | 0000 4d03 | d34c 3bd0 

  0x0000022288c98634: ;   {runtime_call ic_miss_stub}
  0x0000022288c98634: 0f85 4660 | 1207 660f | 1f44 0000 
[Verified Entry Point]
  0x0000022288c98640: 8984 2400 | 80ff ff55 | 4881 eca0 | 0000 0090 | 4181 7f20 | 0200 0000 

  0x0000022288c98658: ;   {runtime_call StubRoutines (final stubs)}
  0x0000022288c98658: 7405 e8a1 

  0x0000022288c9865c: ;   {metadata(method data for {method} {0x00000222df5df800} 'defineClass' '(Ljava/lang/String;[BLorg/eclipse/osgi/internal/loader/classpath/ClasspathEntry;)Lorg/eclipse/osgi/internal/loader/ModuleClassLoader$DefineClassResult;' in 'org/eclipse/osgi/internal/loader/ModuleClassLoader')}
  0x0000022288c9865c: 5111 0748 | be80 bcab | df22 0200 | 008b 9ecc | 0000 0083 | c302 899e | cc00 0000 | 81e3 fe07 
  0x0000022288c9867c: 0000 85db | 0f84 5304 | 0000 4889 | 7c24 704c | 894c 2468 

  0x0000022288c98690: ;   {metadata(method data for {method} {0x00000222df5df800} 'defineClass' '(Ljava/lang/String;[BLorg/eclipse/osgi/internal/loader/classpath/ClasspathEntry;)Lorg/eclipse/osgi/internal/loader/ModuleClassLoader$DefineClassResult;' in 'org/eclipse/osgi/internal/loader/ModuleClassLoader')}
  0x0000022288c98690: 488b f248 | bb80 bcab | df22 0200 | 008b 7608 | 49ba 0000 | 009c 2202 | 0000 4903 | f248 3bb3 
  0x0000022288c986b0: 2001 0000 | 750d 4883 | 8328 0100 | 0001 e960 | 0000 0048 | 3bb3 3001 | 0000 750d | 4883 8338 
  0x0000022288c986d0: 0100 0001 | e94a 0000 | 0048 83bb | 2001 0000 | 0075 1748 | 89b3 2001 | 0000 48c7 | 8328 0100 
  0x0000022288c986f0: 0001 0000 | 00e9 2900 | 0000 4883 | bb30 0100 | 0000 7517 | 4889 b330 | 0100 0048 | c783 3801 
  0x0000022288c98710: 0000 0100 | 0000 e908 | 0000 0048 | 8383 1001 

  0x0000022288c98720: ;   {metadata(method data for {method} {0x00000222df624658} 'getClassLoadingLock' '(Ljava/lang/String;)Ljava/lang/Object;' in 'org/eclipse/osgi/internal/loader/ModuleClassLoader')}
  0x0000022288c98720: 0000 0148 | be40 c498 | df22 0200 | 008b 9ecc | 0000 0083 | c302 899e | cc00 0000 | 81e3 feff 
  0x0000022288c98740: 1f00 85db | 0f84 b003 | 0000 8b72 | 5048 3b06 

  0x0000022288c98750: ;   {metadata(method data for {method} {0x00000222df624658} 'getClassLoadingLock' '(Ljava/lang/String;)Ljava/lang/Object;' in 'org/eclipse/osgi/internal/loader/ModuleClassLoader')}
  0x0000022288c98750: 488b de48 | b840 c498 | df22 0200 | 0048 8380 | 1001 0000 | 0149 8bd8 | 4c8b c348 | 8954 2458 
  0x0000022288c98770: 488b d648 | 895c 2460 | 0f1f 8000 

  0x0000022288c9877c: ;   {optimized virtual_call}
  0x0000022288c9877c: 0000 00e8 

  0x0000022288c98780: ; ImmutableOopMap {[88]=Oop [96]=Oop [104]=Oop [112]=Oop }
                      ;*invokevirtual getLock {reexecute=0 rethrow=0 return_oop=0}
                      ; - org.eclipse.osgi.internal.loader.ModuleClassLoader::getClassLoadingLock@5 (line 437)
                      ; - org.eclipse.osgi.internal.loader.ModuleClassLoader::defineClass@8 (line 312)
  0x0000022288c98780: 7cf2 f2ff 

  0x0000022288c98784: ;   {other}
  0x0000022288c98784: 0f1f 8400 | 7403 0000 | 4889 4424 | 7848 8d94 | 2480 0000 | 0048 8bf0 | 4889 7208 

  0x0000022288c987a0: ; implicit exception: dispatches to 0x0000022288c98b20
  0x0000022288c987a0: 488b 0648 | 83c8 0148 | 8902 f048 | 0fb1 160f | 8412 0000 | 0048 2bc4 | 4825 07f0 | ffff 4889 
  0x0000022288c987c0: 020f 855e | 0300 0049 | ff87 5005 | 0000 488b 

  0x0000022288c987d0: ;   {metadata(method data for {method} {0x00000222df5df800} 'defineClass' '(Ljava/lang/String;[BLorg/eclipse/osgi/internal/loader/classpath/ClasspathEntry;)Lorg/eclipse/osgi/internal/loader/ModuleClassLoader$DefineClassResult;' in 'org/eclipse/osgi/internal/loader/ModuleClassLoader')}
  0x0000022288c987d0: 5424 5848 | be80 bcab | df22 0200 | 0048 8386 | 4801 0000 

  0x0000022288c987e4: ;   {metadata(method data for {method} {0x000002229c4353e0} 'findLoadedClass' '(Ljava/lang/String;)Ljava/lang/Class;' in 'java/lang/ClassLoader')}
  0x0000022288c987e4: 0148 ba78 | bf23 df22 | 0200 008b | b2cc 0000 | 0083 c602 | 89b2 cc00 | 0000 81e6 | feff 1f00 
  0x0000022288c98804: 85f6 0f84 | 2c03 0000 

  0x0000022288c9880c: ;   {metadata(method data for {method} {0x000002229c4353e0} 'findLoadedClass' '(Ljava/lang/String;)Ljava/lang/Class;' in 'java/lang/ClassLoader')}
  0x0000022288c9880c: 48ba 78bf | 23df 2202 | 0000 4883 | 8210 0100 | 0001 488b | 5424 600f 

  0x0000022288c98824: ;   {static_call}
  0x0000022288c98824: 1f40 00e8 

  0x0000022288c98828: ; ImmutableOopMap {[88]=Oop [96]=Oop [104]=Oop [112]=Oop [120]=Oop [136]=Oop }
                      ;*invokestatic checkName {reexecute=0 rethrow=0 return_oop=0}
                      ; - java.lang.ClassLoader::findLoadedClass@1
                      ; - org.eclipse.osgi.internal.loader.ModuleClassLoader::defineClass@17 (line 313)
  0x0000022288c98828: 9481 7607 

  0x0000022288c9882c: ;   {other}
  0x0000022288c9882c: 0f1f 8400 | 1c04 0001 

  0x0000022288c98834: ;   {metadata(method data for {method} {0x000002229c4353e0} 'findLoadedClass' '(Ljava/lang/String;)Ljava/lang/Class;' in 'java/lang/ClassLoader')}
  0x0000022288c98834: 85c0 49b8 | 78bf 23df | 2202 0000 | 48c7 c220 | 0100 0075 | 0748 c7c2 | 3001 0000 | 498b 3410 
  0x0000022288c98854: 488d 7601 | 4989 3410 | 0f85 0f00 

  0x0000022288c98860: ;   {oop(nullptr)}
  0x0000022288c98860: 0000 48be | 0000 0000 | 0000 0000 | e936 0000 | 0048 8b54 

  0x0000022288c98874: ;   {metadata(method data for {method} {0x000002229c4353e0} 'findLoadedClass' '(Ljava/lang/String;)Ljava/lang/Class;' in 'java/lang/ClassLoader')}
  0x0000022288c98874: 2458 49b8 | 78bf 23df | 2202 0000 | 4983 8040 | 0100 0001 | 4c8b 4424 | 6048 8b54 | 2458 0f1f 
  0x0000022288c98894: ;   {optimized virtual_call}
  0x0000022288c98894: 4400 00e8 

  0x0000022288c98898: ; ImmutableOopMap {[88]=Oop [96]=Oop [104]=Oop [112]=Oop [120]=Oop [136]=Oop }
                      ;*invokevirtual findLoadedClass0 {reexecute=0 rethrow=0 return_oop=0}
                      ; - java.lang.ClassLoader::findLoadedClass@11
                      ; - org.eclipse.osgi.internal.loader.ModuleClassLoader::defineClass@17 (line 313)
  0x0000022288c98898: a4b2 6907 

  0x0000022288c9889c: ;   {other}
  0x0000022288c9889c: 0f1f 8400 | 8c04 0002 | 488b f048 

  0x0000022288c988a8: ;   {metadata(method data for {method} {0x00000222df5df800} 'defineClass' '(Ljava/lang/String;[BLorg/eclipse/osgi/internal/loader/classpath/ClasspathEntry;)Lorg/eclipse/osgi/internal/loader/ModuleClassLoader$DefineClassResult;' in 'org/eclipse/osgi/internal/loader/ModuleClassLoader')}
  0x0000022288c988a8: 85f6 49b8 | 80bc abdf | 2202 0000 | 49c7 c190 | 0100 0074 | 0749 c7c1 | 8001 0000 | 4b8b 3c08 
  0x0000022288c988c8: 488d 7f01 | 4b89 3c08 | 0f84 0e00 | 0000 488b | de41 b800 | 0000 00e9 | 6900 0000 | 488b 7c24 
  0x0000022288c988e8: 704c 8b4c | 2468 4c8b | 4424 6048 | 8b54 2458 

  0x0000022288c988f8: ; implicit exception: dispatches to 0x0000022288c98b59
  0x0000022288c988f8: 418b 710c 

  0x0000022288c988fc: ; implicit exception: dispatches to 0x0000022288c98b5e
  0x0000022288c988fc: 483b 0748 

  0x0000022288c98900: ;   {metadata(method data for {method} {0x00000222df5df800} 'defineClass' '(Ljava/lang/String;[BLorg/eclipse/osgi/internal/loader/classpath/ClasspathEntry;)Lorg/eclipse/osgi/internal/loader/ModuleClassLoader$DefineClassResult;' in 'org/eclipse/osgi/internal/loader/ModuleClassLoader')}
  0x0000022288c98900: 8bcf 48bb | 80bc abdf | 2202 0000 | 4883 83b8 | 0100 0001 | 8b4f 1048 

  0x0000022288c98918: ;   {metadata(method data for {method} {0x00000222df5df800} 'defineClass' '(Ljava/lang/String;[BLorg/eclipse/osgi/internal/loader/classpath/ClasspathEntry;)Lorg/eclipse/osgi/internal/loader/ModuleClassLoader$DefineClassResult;' in 'org/eclipse/osgi/internal/loader/ModuleClassLoader')}
  0x0000022288c98918: 8bfa 48bb | 80bc abdf | 2202 0000 | 4883 83d8 | 0100 0001 | bf00 0000 | 0066 0f1f 

  0x0000022288c98934: ;   {optimized virtual_call}
  0x0000022288c98934: 4400 00e8 

  0x0000022288c98938: ; ImmutableOopMap {[120]=Oop [136]=Oop }
                      ;*invokevirtual defineClass {reexecute=0 rethrow=0 return_oop=0}
                      ; - org.eclipse.osgi.internal.loader.ModuleClassLoader::defineClass@37 (line 315)
  0x0000022288c98938: 0463 eeff 

  0x0000022288c9893c: ;   {other}
  0x0000022288c9893c: 0f1f 8400 | 2c05 0003 | 488b d841 | b801 0000 | 0048 8d84 | 2480 0000 | 0048 8b10 | 4885 d20f 
  0x0000022288c9895c: 840f 0000 | 0048 8b70 | 08f0 480f | b116 0f85 | f301 0000 | 49ff 8f50 

  0x0000022288c98974: ;   {metadata(method data for {method} {0x00000222df5df800} 'defineClass' '(Ljava/lang/String;[BLorg/eclipse/osgi/internal/loader/classpath/ClasspathEntry;)Lorg/eclipse/osgi/internal/loader/ModuleClassLoader$DefineClassResult;' in 'org/eclipse/osgi/internal/loader/ModuleClassLoader')}
  0x0000022288c98974: 0500 0048 | ba80 bcab | df22 0200 | 00ff 8210 

  0x0000022288c98984: ;   {metadata('org/eclipse/osgi/internal/loader/ModuleClassLoader$DefineClassResult')}
  0x0000022288c98984: 0200 0048 | ba08 9e11 | 9d22 0200 | 0049 8b87 | b801 0000 | 488d 7818 | 493b bfc8 | 0100 000f 
  0x0000022288c989a4: 87d0 0100 | 0049 89bf | b801 0000 | 48c7 0001 | 0000 0048 | 8bca 49ba | 0000 009c | 2202 0000 
  0x0000022288c989c4: 492b ca89 | 4808 4833 | c989 480c | 4833 c948 | 8948 1048 

  0x0000022288c989d8: ;   {metadata(method data for {method} {0x00000222df5df800} 'defineClass' '(Ljava/lang/String;[BLorg/eclipse/osgi/internal/loader/classpath/ClasspathEntry;)Lorg/eclipse/osgi/internal/loader/ModuleClassLoader$DefineClassResult;' in 'org/eclipse/osgi/internal/loader/ModuleClassLoader')}
  0x0000022288c989d8: 8bf0 48bf | 80bc abdf | 2202 0000 | 4883 8728 | 0200 0001 

  0x0000022288c989ec: ;   {metadata(method data for {method} {0x00000222df73e468} '<init>' '(Ljava/lang/Class;Z)V' in 'org/eclipse/osgi/internal/loader/ModuleClassLoader$DefineClassResult')}
  0x0000022288c989ec: 48be 6855 | b5df 2202 | 0000 8bbe | cc00 0000 | 83c7 0289 | becc 0000 | 0081 e7fe | ff1f 0085 
  0x0000022288c98a0c: ff0f 8473 | 0100 0048 

  0x0000022288c98a14: ;   {metadata(method data for {method} {0x00000222df73e468} '<init>' '(Ljava/lang/Class;Z)V' in 'org/eclipse/osgi/internal/loader/ModuleClassLoader$DefineClassResult')}
  0x0000022288c98a14: 8bf0 48bf | 6855 b5df | 2202 0000 | 4883 8710 | 0100 0001 

  0x0000022288c98a28: ;   {metadata(method data for {method} {0x000002229c474dc0} '<init>' '()V' in 'java/lang/Object')}
  0x0000022288c98a28: 48be 9067 | 00df 2202 | 0000 8bbe | cc00 0000 | 83c7 0289 | becc 0000 | 0081 e7fe | ff1f 0085 
  0x0000022288c98a48: ff0f 8458 | 0100 004c | 8bd3 4489 | 5010 488d | 3048 c1ee | 0948 bf00 | 00c1 8422 | 0200 00c6 
  0x0000022288c98a68: 043e 0041 | 83e0 0144 | 8840 0c48 | 81c4 a000 

  0x0000022288c98a78: ;   {poll_return}
  0x0000022288c98a78: 0000 5d49 | 3ba7 5004 | 0000 0f87 | 4001 0000 | c349 8b87 | 0005 0000 | 4d33 d24d | 8997 0005 
  0x0000022288c98a98: 0000 4d33 | d24d 8997 | 0805 0000 | 488b f048 | 8d84 2480 | 0000 0048 | 8b38 4885 | ff0f 840f 
  0x0000022288c98ab8: 0000 0048 | 8b58 08f0 | 480f b13b | 0f85 1401 | 0000 49ff | 8f50 0500 | 0048 8bc6 | e938 0100 
  0x0000022288c98ad8: ;   {metadata({method} {0x00000222df5df800} 'defineClass' '(Ljava/lang/String;[BLorg/eclipse/osgi/internal/loader/classpath/ClasspathEntry;)Lorg/eclipse/osgi/internal/loader/ModuleClassLoader$DefineClassResult;' in 'org/eclipse/osgi/internal/loader/ModuleClassLoader')}
  0x0000022288c98ad8: 0049 baf8 | f75d df22 | 0200 004c | 8954 2408 | 48c7 0424 | ffff ffff 

  0x0000022288c98af0: ;   {runtime_call counter_overflow Runtime1 stub}
  0x0000022288c98af0: e88b e91d 

  0x0000022288c98af4: ; ImmutableOopMap {rdx=Oop r8=Oop r9=Oop rdi=Oop }
                      ;*synchronization entry
                      ; - org.eclipse.osgi.internal.loader.ModuleClassLoader::defineClass@-1 (line 310)
  0x0000022288c98af4: 07e9 8cfb 

  0x0000022288c98af8: ;   {metadata({method} {0x00000222df624658} 'getClassLoadingLock' '(Ljava/lang/String;)Ljava/lang/Object;' in 'org/eclipse/osgi/internal/loader/ModuleClassLoader')}
  0x0000022288c98af8: ffff 49ba | 5046 62df | 2202 0000 | 4c89 5424 | 0848 c704 | 24ff ffff 

  0x0000022288c98b10: ;   {runtime_call counter_overflow Runtime1 stub}
  0x0000022288c98b10: ffe8 6ae9 

  0x0000022288c98b14: ; ImmutableOopMap {rdx=Oop r8=Oop [104]=Oop [112]=Oop }
                      ;*synchronization entry
                      ; - org.eclipse.osgi.internal.loader.ModuleClassLoader::getClassLoadingLock@-1 (line 437)
                      ; - org.eclipse.osgi.internal.loader.ModuleClassLoader::defineClass@8 (line 312)
  0x0000022288c98b14: 1d07 e92f 

  0x0000022288c98b18: ;   {runtime_call throw_null_pointer_exception Runtime1 stub}
  0x0000022288c98b18: fcff ffe8 

  0x0000022288c98b1c: ; ImmutableOopMap {rdx=Oop r8=Oop rsi=Oop [104]=Oop [112]=Oop }
                      ;*invokevirtual getLock {reexecute=0 rethrow=0 return_oop=0}
                      ; - org.eclipse.osgi.internal.loader.ModuleClassLoader::getClassLoadingLock@5 (line 437)
                      ; - org.eclipse.osgi.internal.loader.ModuleClassLoader::defineClass@8 (line 312)
  0x0000022288c98b1c: 0077 1d07 

  0x0000022288c98b20: ;   {runtime_call throw_null_pointer_exception Runtime1 stub}
  0x0000022288c98b20: e8fb 761d 

  0x0000022288c98b24: ; ImmutableOopMap {rsi=Oop [88]=Oop [96]=Oop [104]=Oop [112]=Oop [120]=Oop }
                      ;*monitorenter {reexecute=0 rethrow=0 return_oop=0}
                      ; - org.eclipse.osgi.internal.loader.ModuleClassLoader::defineClass@14 (line 312)
  0x0000022288c98b24: 0748 8974 | 2408 4889 

  0x0000022288c98b2c: ;   {runtime_call monitorenter_nofpu Runtime1 stub}
  0x0000022288c98b2c: 1424 e84d 

  0x0000022288c98b30: ; ImmutableOopMap {rsi=Oop [88]=Oop [96]=Oop [104]=Oop [112]=Oop [120]=Oop [136]=Oop }
                      ;*monitorenter {reexecute=0 rethrow=0 return_oop=0}
                      ; - org.eclipse.osgi.internal.loader.ModuleClassLoader::defineClass@14 (line 312)
  0x0000022288c98b30: b81d 07e9 | 96fc ffff 

  0x0000022288c98b38: ;   {metadata({method} {0x000002229c4353e0} 'findLoadedClass' '(Ljava/lang/String;)Ljava/lang/Class;' in 'java/lang/ClassLoader')}
  0x0000022288c98b38: 49ba d853 | 439c 2202 | 0000 4c89 | 5424 0848 | c704 24ff 

  0x0000022288c98b4c: ;   {runtime_call counter_overflow Runtime1 stub}
  0x0000022288c98b4c: ffff ffe8 

  0x0000022288c98b50: ; ImmutableOopMap {[88]=Oop [96]=Oop [104]=Oop [112]=Oop [120]=Oop [136]=Oop }
                      ;*synchronization entry
                      ; - java.lang.ClassLoader::findLoadedClass@-1
                      ; - org.eclipse.osgi.internal.loader.ModuleClassLoader::defineClass@17 (line 313)
  0x0000022288c98b50: 2ce9 1d07 | e9b3 fcff 

  0x0000022288c98b58: ;   {runtime_call throw_null_pointer_exception Runtime1 stub}
  0x0000022288c98b58: ffe8 c276 

  0x0000022288c98b5c: ; ImmutableOopMap {rdx=Oop r8=Oop r9=Oop rdi=Oop [120]=Oop [136]=Oop }
                      ;*arraylength {reexecute=0 rethrow=0 return_oop=0}
                      ; - org.eclipse.osgi.internal.loader.ModuleClassLoader::defineClass@32 (line 315)
                      ;   {runtime_call throw_null_pointer_exception Runtime1 stub}
  0x0000022288c98b5c: 1d07 e8bd 

  0x0000022288c98b60: ; ImmutableOopMap {rdx=Oop r8=Oop r9=Oop rdi=Oop [120]=Oop [136]=Oop }
                      ;*invokevirtual getDomain {reexecute=0 rethrow=0 return_oop=0}
                      ; - org.eclipse.osgi.internal.loader.ModuleClassLoader::defineClass@34 (line 315)
  0x0000022288c98b60: 761d 0748 | 8d84 2480 | 0000 0048 

  0x0000022288c98b6c: ;   {runtime_call monitorexit_nofpu Runtime1 stub}
  0x0000022288c98b6c: 8904 24e8 | 8cbe 1d07 | e9fe fdff | ff48 8bd2 

  0x0000022288c98b7c: ;   {runtime_call fast_new_instance Runtime1 stub}
  0x0000022288c98b7c: e87f 841d 

  0x0000022288c98b80: ; ImmutableOopMap {rbx=Oop }
                      ;*new {reexecute=0 rethrow=0 return_oop=0}
                      ; - org.eclipse.osgi.internal.loader.ModuleClassLoader::defineClass@55 (line 319)
  0x0000022288c98b80: 07e9 51fe 

  0x0000022288c98b84: ;   {metadata({method} {0x00000222df73e468} '<init>' '(Ljava/lang/Class;Z)V' in 'org/eclipse/osgi/internal/loader/ModuleClassLoader$DefineClassResult')}
  0x0000022288c98b84: ffff 49ba | 60e4 73df | 2202 0000 | 4c89 5424 | 0848 c704 | 24ff ffff 

  0x0000022288c98b9c: ;   {runtime_call counter_overflow Runtime1 stub}
  0x0000022288c98b9c: ffe8 dee8 

  0x0000022288c98ba0: ; ImmutableOopMap {rbx=Oop rax=Oop }
                      ;*synchronization entry
                      ; - org.eclipse.osgi.internal.loader.ModuleClassLoader$DefineClassResult::<init>@-1 (line 96)
                      ; - org.eclipse.osgi.internal.loader.ModuleClassLoader::defineClass@63 (line 319)
  0x0000022288c98ba0: 1d07 e96c 

  0x0000022288c98ba4: ;   {metadata({method} {0x000002229c474dc0} '<init>' '()V' in 'java/lang/Object')}
  0x0000022288c98ba4: feff ff49 | bab8 4d47 | 9c22 0200 | 004c 8954 | 2408 48c7 | 0424 ffff 

  0x0000022288c98bbc: ;   {runtime_call counter_overflow Runtime1 stub}
  0x0000022288c98bbc: ffff e8bd 

  0x0000022288c98bc0: ; ImmutableOopMap {rbx=Oop rax=Oop }
                      ;*synchronization entry
                      ; - java.lang.Object::<init>@-1
                      ; - org.eclipse.osgi.internal.loader.ModuleClassLoader$DefineClassResult::<init>@1 (line 96)
                      ; - org.eclipse.osgi.internal.loader.ModuleClassLoader::defineClass@63 (line 319)
  0x0000022288c98bc0: e81d 07e9 | 87fe ffff 

  0x0000022288c98bc8: ;   {internal_word}
  0x0000022288c98bc8: 49ba 7b8a | c988 2202 | 0000 4d89 | 9768 0400 

  0x0000022288c98bd8: ;   {runtime_call SafepointBlob}
  0x0000022288c98bd8: 00e9 a2cf | 1207 488d | 8424 8000 | 0000 4889 

  0x0000022288c98be8: ;   {runtime_call monitorexit_nofpu Runtime1 stub}
  0x0000022288c98be8: 0424 e811 | be1d 07e9 | ddfe ffff | 498b 8700 | 0500 0049 | c787 0005 | 0000 0000 | 0000 49c7 
  0x0000022288c98c08: 8708 0500 | 0000 0000 | 0048 81c4 | a000 0000 

  0x0000022288c98c18: ;   {runtime_call unwind_exception Runtime1 stub}
  0x0000022288c98c18: 5de9 e25a | 1d07 f4f4 
[Stub Code]
  0x0000022288c98c20: ;   {no_reloc}
  0x0000022288c98c20: 48bb 0000 | 0000 0000 

  0x0000022288c98c28: ;   {runtime_call nmethod}
  0x0000022288c98c28: 0000 e9fb 

  0x0000022288c98c2c: ;   {static_stub}
  0x0000022288c98c2c: ffff ff48 | bb00 0000 | 0000 0000 

  0x0000022288c98c38: ;   {runtime_call nmethod}
  0x0000022288c98c38: 00e9 fbff 

  0x0000022288c98c3c: ;   {static_stub}
  0x0000022288c98c3c: ffff 48bb | 0000 0000 | 0000 0000 

  0x0000022288c98c48: ;   {runtime_call nmethod}
  0x0000022288c98c48: e9fb ffff 

  0x0000022288c98c4c: ;   {static_stub}
  0x0000022288c98c4c: ff48 bb00 | 0000 0000 

  0x0000022288c98c54: ;   {runtime_call nmethod}
  0x0000022288c98c54: 0000 00e9 | fbff ffff 
[Exception Handler]
  0x0000022288c98c5c: ;   {runtime_call handle_exception_from_callee Runtime1 stub}
  0x0000022288c98c5c: e89f a11d 

  0x0000022288c98c60: ;   {external_word}
  0x0000022288c98c60: 0748 b940 | 533a 60fd | 7f00 0048 

  0x0000022288c98c6c: ;   {runtime_call}
  0x0000022288c98c6c: 83e4 f048 | b8b0 c3fc | 5ffd 7f00 | 00ff d0f4 
[Deopt Handler Code]
  0x0000022288c98c7c: ;   {section_word}
  0x0000022288c98c7c: 49ba 7c8c | c988 2202 | 0000 4152 

  0x0000022288c98c88: ;   {runtime_call DeoptimizationBlob}
  0x0000022288c98c88: e993 e312 | 07f4 f4f4 
[/MachCode]


---------------  P R O C E S S  ---------------

Threads class SMR info:
_java_thread_list=0x00000222e4e150a0, length=30, elements={
0x000002228562a4e0, 0x00000222dd1af010, 0x00000222dd1b1ff0, 0x00000222dd1b5870,
0x00000222dd1b6590, 0x00000222dd1b85f0, 0x00000222dd1bda90, 0x00000222dd1becb0,
0x00000222dd1bfae0, 0x00000222deb21e50, 0x00000222dec8d4b0, 0x00000222e3597910,
0x00000222e357caa0, 0x00000222e386ceb0, 0x00000222e385d4c0, 0x00000222e3928890,
0x00000222e395b370, 0x00000222e378ae40, 0x00000222e3915f30, 0x00000222e38430f0,
0x00000222e39172e0, 0x00000222e3917970, 0x00000222e39158a0, 0x00000222e39165c0,
0x00000222e3915210, 0x00000222e39144f0, 0x00000222e3916c50, 0x00000222e40ceb90,
0x00000222e40cb080, 0x00000222e40d26a0
}

Java Threads: ( => current thread )
=>0x000002228562a4e0 JavaThread "main"                              [_thread_in_vm, id=29824, stack(0x0000006a7d200000,0x0000006a7d300000) (1024K)]
  0x00000222dd1af010 JavaThread "Reference Handler"          daemon [_thread_blocked, id=844, stack(0x0000006a7d600000,0x0000006a7d700000) (1024K)]
  0x00000222dd1b1ff0 JavaThread "Finalizer"                  daemon [_thread_blocked, id=25612, stack(0x0000006a7d700000,0x0000006a7d800000) (1024K)]
  0x00000222dd1b5870 JavaThread "Signal Dispatcher"          daemon [_thread_blocked, id=21948, stack(0x0000006a7d800000,0x0000006a7d900000) (1024K)]
  0x00000222dd1b6590 JavaThread "Attach Listener"            daemon [_thread_blocked, id=2452, stack(0x0000006a7d900000,0x0000006a7da00000) (1024K)]
  0x00000222dd1b85f0 JavaThread "Service Thread"             daemon [_thread_blocked, id=4736, stack(0x0000006a7da00000,0x0000006a7db00000) (1024K)]
  0x00000222dd1bda90 JavaThread "Monitor Deflation Thread"   daemon [_thread_blocked, id=1708, stack(0x0000006a7db00000,0x0000006a7dc00000) (1024K)]
  0x00000222dd1becb0 JavaThread "C2 CompilerThread0"         daemon [_thread_in_native, id=12004, stack(0x0000006a7dc00000,0x0000006a7dd00000) (1024K)]
  0x00000222dd1bfae0 JavaThread "C1 CompilerThread0"         daemon [_thread_blocked, id=19340, stack(0x0000006a7dd00000,0x0000006a7de00000) (1024K)]
  0x00000222deb21e50 JavaThread "Common-Cleaner"             daemon [_thread_blocked, id=10876, stack(0x0000006a7de00000,0x0000006a7df00000) (1024K)]
  0x00000222dec8d4b0 JavaThread "Notification Thread"        daemon [_thread_blocked, id=21208, stack(0x0000006a7e000000,0x0000006a7e100000) (1024K)]
  0x00000222e3597910 JavaThread "Active Thread: Equinox Container: 6f22be69-3acb-4bdf-97e0-dcada38a6261"        [_thread_blocked, id=23656, stack(0x0000006a7e800000,0x0000006a7e900000) (1024K)]
  0x00000222e357caa0 JavaThread "Framework Event Dispatcher: Equinox Container: 6f22be69-3acb-4bdf-97e0-dcada38a6261" daemon [_thread_blocked, id=12088, stack(0x0000006a7e700000,0x0000006a7e800000) (1024K)]
  0x00000222e386ceb0 JavaThread "Start Level: Equinox Container: 6f22be69-3acb-4bdf-97e0-dcada38a6261" daemon [_thread_blocked, id=15748, stack(0x0000006a7e900000,0x0000006a7ea00000) (1024K)]
  0x00000222e385d4c0 JavaThread "SCR Component Actor"        daemon [_thread_blocked, id=30744, stack(0x0000006a7df00000,0x0000006a7e000000) (1024K)]
  0x00000222e3928890 JavaThread "Worker-JM"                         [_thread_blocked, id=404, stack(0x0000006a7ed00000,0x0000006a7ee00000) (1024K)]
  0x00000222e395b370 JavaThread "JNA Cleaner"                daemon [_thread_blocked, id=4564, stack(0x0000006a7eb00000,0x0000006a7ec00000) (1024K)]
  0x00000222e378ae40 JavaThread "Worker-0: Initialize After Load"        [_thread_in_vm, id=5032, stack(0x0000006a7ec00000,0x0000006a7ed00000) (1024K)]
  0x00000222e3915f30 JavaThread "Worker-1"                          [_thread_blocked, id=16208, stack(0x0000006a7ee00000,0x0000006a7ef00000) (1024K)]
  0x00000222e38430f0 JavaThread "C2 CompilerThread1"         daemon [_thread_blocked, id=7252, stack(0x0000006a7ef00000,0x0000006a7f000000) (1024K)]
  0x00000222e39172e0 JavaThread "Thread-1"                   daemon [_thread_in_native, id=1360, stack(0x0000006a7f000000,0x0000006a7f100000) (1024K)]
  0x00000222e3917970 JavaThread "Thread-2"                   daemon [_thread_in_native, id=19024, stack(0x0000006a7f100000,0x0000006a7f200000) (1024K)]
  0x00000222e39158a0 JavaThread "Thread-3"                   daemon [_thread_in_native, id=26568, stack(0x0000006a7f200000,0x0000006a7f300000) (1024K)]
  0x00000222e39165c0 JavaThread "Thread-4"                   daemon [_thread_in_native, id=23828, stack(0x0000006a7f300000,0x0000006a7f400000) (1024K)]
  0x00000222e3915210 JavaThread "Thread-5"                   daemon [_thread_in_native, id=24812, stack(0x0000006a7f400000,0x0000006a7f500000) (1024K)]
  0x00000222e39144f0 JavaThread "Thread-6"                   daemon [_thread_in_native, id=28564, stack(0x0000006a7f500000,0x0000006a7f600000) (1024K)]
  0x00000222e3916c50 JavaThread "Thread-7"                   daemon [_thread_in_native, id=1248, stack(0x0000006a7f600000,0x0000006a7f700000) (1024K)]
  0x00000222e40ceb90 JavaThread "Thread-8"                   daemon [_thread_in_native, id=30352, stack(0x0000006a7f700000,0x0000006a7f800000) (1024K)]
  0x00000222e40cb080 JavaThread "Thread-9"                   daemon [_thread_in_native, id=8324, stack(0x0000006a7f800000,0x0000006a7f900000) (1024K)]
  0x00000222e40d26a0 JavaThread "pool-2-thread-1"                   [_thread_blocked, id=29088, stack(0x0000006a7f900000,0x0000006a7fa00000) (1024K)]
Total: 30

Other Threads:
  0x00000222dd191040 VMThread "VM Thread"                           [id=10252, stack(0x0000006a7d500000,0x0000006a7d600000) (1024K)]
  0x00000222dd081920 WatcherThread "VM Periodic Task Thread"        [id=1076, stack(0x0000006a7d400000,0x0000006a7d500000) (1024K)]
  0x0000022285648e20 WorkerThread "GC Thread#0"                     [id=32240, stack(0x0000006a7d300000,0x0000006a7d400000) (1024K)]
  0x00000222e3345af0 WorkerThread "GC Thread#1"                     [id=19376, stack(0x0000006a7e100000,0x0000006a7e200000) (1024K)]
  0x00000222e33414d0 WorkerThread "GC Thread#2"                     [id=17020, stack(0x0000006a7e200000,0x0000006a7e300000) (1024K)]
  0x00000222e3341880 WorkerThread "GC Thread#3"                     [id=25072, stack(0x0000006a7e300000,0x0000006a7e400000) (1024K)]
  0x00000222e3341c30 WorkerThread "GC Thread#4"                     [id=32712, stack(0x0000006a7e400000,0x0000006a7e500000) (1024K)]
  0x00000222e35e7310 WorkerThread "GC Thread#5"                     [id=26304, stack(0x0000006a7e500000,0x0000006a7e600000) (1024K)]
  0x00000222e35e7ed0 WorkerThread "GC Thread#6"                     [id=25168, stack(0x0000006a7e600000,0x0000006a7e700000) (1024K)]
  0x00000222e3a78c10 WorkerThread "GC Thread#7"                     [id=21976, stack(0x0000006a7ea00000,0x0000006a7eb00000) (1024K)]
Total: 10

Threads with active compile tasks:
C2 CompilerThread0  5756 3209       4       java.lang.invoke.MethodType::methodType (69 bytes)
Total: 1

VM state: not at safepoint (normal execution)

VM Mutex/Monitor currently owned by a thread: None

Heap address: 0x0000000080000000, size: 2048 MB, Compressed Oops mode: 32-bit

CDS archive(s) mapped at: [0x000002229c000000-0x000002229cba0000-0x000002229cba0000), size 12189696, SharedBaseAddress: 0x000002229c000000, ArchiveRelocationMode: 1.
Compressed class space mapped at: 0x000002229d000000-0x00000222dd000000, reserved size: 1073741824
Narrow klass base: 0x000002229c000000, Narrow klass shift: 0, Narrow klass range: 0x100000000

GC Precious Log:
 CardTable entry size: 512
 CPUs: 8 total, 8 available
 Memory: 16122M
 Large Page Support: Disabled
 NUMA Support: Disabled
 Compressed Oops: Enabled (32-bit)
 Alignments: Space 512K, Generation 512K, Heap 2M
 Heap Min Capacity: 100M
 Heap Initial Capacity: 100M
 Heap Max Capacity: 2G
 Pre-touch: Disabled
 Parallel Workers: 8

Heap:
 PSYoungGen      total 26624K, used 8170K [0x00000000d5580000, 0x00000000d7380000, 0x0000000100000000)
  eden space 23552K, 22% used [0x00000000d5580000,0x00000000d5a97880,0x00000000d6c80000)
  from space 3072K, 96% used [0x00000000d7080000,0x00000000d7363138,0x00000000d7380000)
  to   space 3584K, 0% used [0x00000000d6c80000,0x00000000d6c80000,0x00000000d7000000)
 ParOldGen       total 68608K, used 10495K [0x0000000080000000, 0x0000000084300000, 0x00000000d5580000)
  object space 68608K, 15% used [0x0000000080000000,0x0000000080a3fd10,0x0000000084300000)
 Metaspace       used 27359K, committed 28160K, reserved 1114112K
  class space    used 2712K, committed 3072K, reserved 1048576K

Card table byte_map: [0x0000022285010000,0x0000022285420000] _byte_map_base: 0x0000022284c10000

Marking Bits: (ParMarkBitMap*) 0x00007ffd60663450
 Begin Bits: [0x0000022297af0000, 0x0000022299af0000)
 End Bits:   [0x0000022299af0000, 0x000002229baf0000)

Polling page: 0x0000022284e00000

Metaspace:

Usage:
  Non-class:     24.07 MB used.
      Class:      2.65 MB used.
       Both:     26.72 MB used.

Virtual space:
  Non-class space:       64.00 MB reserved,      24.50 MB ( 38%) committed,  1 nodes.
      Class space:        1.00 GB reserved,       3.00 MB ( <1%) committed,  1 nodes.
             Both:        1.06 GB reserved,      27.50 MB (  3%) committed. 

Chunk freelists:
   Non-Class:  7.19 MB
       Class:  12.91 MB
        Both:  20.10 MB

MaxMetaspaceSize: unlimited
CompressedClassSpaceSize: 1.00 GB
Initial GC threshold: 21.00 MB
Current GC threshold: 35.00 MB
CDS: on
 - commit_granule_bytes: 65536.
 - commit_granule_words: 8192.
 - virtual_space_node_default_size: 8388608.
 - enlarge_chunks_in_place: 1.
 - use_allocation_guard: 0.


Internal statistics:

num_allocs_failed_limit: 3.
num_arena_births: 546.
num_arena_deaths: 14.
num_vsnodes_births: 2.
num_vsnodes_deaths: 0.
num_space_committed: 440.
num_space_uncommitted: 0.
num_chunks_returned_to_freelist: 17.
num_chunks_taken_from_freelist: 1605.
num_chunk_merges: 9.
num_chunk_splits: 1041.
num_chunks_enlarged: 678.
num_inconsistent_stats: 0.

CodeHeap 'non-profiled nmethods': size=120000Kb used=1594Kb max_used=1594Kb free=118405Kb
 bounds [0x0000022290310000, 0x0000022290580000, 0x0000022297840000]
CodeHeap 'profiled nmethods': size=120000Kb used=6319Kb max_used=6319Kb free=113680Kb
 bounds [0x0000022288840000, 0x0000022288e70000, 0x000002228fd70000]
CodeHeap 'non-nmethods': size=5760Kb used=1347Kb max_used=1392Kb free=4412Kb
 bounds [0x000002228fd70000, 0x000002228ffe0000, 0x0000022290310000]
CodeCache: size=245760Kb, used=9260Kb, max_used=9305Kb, free=236497Kb
 total_blobs=3881, nmethods=3253, adapters=534, full_count=0
Compilation: enabled, stopped_count=0, restarted_count=0

Compilation events (20 events):
Event: 5.630 Thread 0x00000222dd1bfae0 nmethod 3240 0x000002229048c990 code [0x000002229048cb20, 0x000002229048cbe8]
Event: 5.630 Thread 0x00000222dd1bfae0 3241       3       java.lang.reflect.ProxyGenerator::dotToSlash (9 bytes)
Event: 5.630 Thread 0x00000222dd1bfae0 nmethod 3241 0x0000022288e68310 code [0x0000022288e684c0, 0x0000022288e685f0]
Event: 5.646 Thread 0x00000222dd1bfae0 3244       1       sun.reflect.generics.tree.ClassTypeSignature::getPath (5 bytes)
Event: 5.647 Thread 0x00000222dd1bfae0 nmethod 3244 0x000002229048cc90 code [0x000002229048ce20, 0x000002229048cee8]
Event: 5.647 Thread 0x00000222dd1bfae0 3245       1       sun.reflect.generics.tree.SimpleClassTypeSignature::getName (5 bytes)
Event: 5.647 Thread 0x00000222dd1bfae0 nmethod 3245 0x000002229048cf90 code [0x000002229048d120, 0x000002229048d1e8]
Event: 5.647 Thread 0x00000222dd1bfae0 3246       1       sun.reflect.generics.tree.SimpleClassTypeSignature::getDollar (5 bytes)
Event: 5.647 Thread 0x00000222dd1bfae0 nmethod 3246 0x000002229048d290 code [0x000002229048d420, 0x000002229048d4f0]
Event: 5.653 Thread 0x00000222dd1bfae0 3248       3       java.lang.Class::forName (41 bytes)
Event: 5.653 Thread 0x00000222dd1bfae0 nmethod 3248 0x0000022288e68690 code [0x0000022288e68840, 0x0000022288e68a38]
Event: 5.655 Thread 0x00000222dd1bfae0 3249       1       java.lang.Class::getAnnotationType (5 bytes)
Event: 5.656 Thread 0x00000222dd1bfae0 nmethod 3249 0x000002229048d590 code [0x000002229048d720, 0x000002229048d7e8]
Event: 5.656 Thread 0x00000222dd1bfae0 3250       3       java.nio.ByteBuffer::limit (6 bytes)
Event: 5.656 Thread 0x00000222dd1bfae0 nmethod 3250 0x0000022288e68b10 code [0x0000022288e68cc0, 0x0000022288e68e88]
Event: 5.656 Thread 0x00000222dd1bfae0 3253       3       java.util.stream.AbstractPipeline::wrapSink (37 bytes)
Event: 5.657 Thread 0x00000222dd1bfae0 nmethod 3253 0x0000022288e68f10 code [0x0000022288e690e0, 0x0000022288e694e0]
Event: 5.657 Thread 0x00000222dd1bfae0 3252       3       java.util.stream.AbstractPipeline::sourceSpliterator (265 bytes)
Event: 5.658 Thread 0x00000222dd1bfae0 nmethod 3252 0x0000022288e69690 code [0x0000022288e69940, 0x0000022288e6a8c8]
Event: 5.659 Thread 0x00000222dd1bfae0 3254       3       java.lang.Class::getConstructor0 (83 bytes)

GC Heap History (18 events):
Event: 1.101 GC heap before
{Heap before GC invocations=1 (full 0):
 PSYoungGen      total 29696K, used 25600K [0x00000000d5580000, 0x00000000d7680000, 0x0000000100000000)
  eden space 25600K, 100% used [0x00000000d5580000,0x00000000d6e80000,0x00000000d6e80000)
  from space 4096K, 0% used [0x00000000d7280000,0x00000000d7280000,0x00000000d7680000)
  to   space 4096K, 0% used [0x00000000d6e80000,0x00000000d6e80000,0x00000000d7280000)
 ParOldGen       total 68608K, used 0K [0x0000000080000000, 0x0000000084300000, 0x00000000d5580000)
  object space 68608K, 0% used [0x0000000080000000,0x0000000080000000,0x0000000084300000)
 Metaspace       used 4362K, committed 4608K, reserved 1114112K
  class space    used 474K, committed 576K, reserved 1048576K
}
Event: 1.156 GC heap after
{Heap after GC invocations=1 (full 0):
 PSYoungGen      total 29696K, used 3280K [0x00000000d5580000, 0x00000000d7680000, 0x0000000100000000)
  eden space 25600K, 0% used [0x00000000d5580000,0x00000000d5580000,0x00000000d6e80000)
  from space 4096K, 80% used [0x00000000d6e80000,0x00000000d71b4148,0x00000000d7280000)
  to   space 4096K, 0% used [0x00000000d7280000,0x00000000d7280000,0x00000000d7680000)
 ParOldGen       total 68608K, used 0K [0x0000000080000000, 0x0000000084300000, 0x00000000d5580000)
  object space 68608K, 0% used [0x0000000080000000,0x0000000080000000,0x0000000084300000)
 Metaspace       used 4362K, committed 4608K, reserved 1114112K
  class space    used 474K, committed 576K, reserved 1048576K
}
Event: 2.230 GC heap before
{Heap before GC invocations=2 (full 0):
 PSYoungGen      total 29696K, used 28880K [0x00000000d5580000, 0x00000000d7680000, 0x0000000100000000)
  eden space 25600K, 100% used [0x00000000d5580000,0x00000000d6e80000,0x00000000d6e80000)
  from space 4096K, 80% used [0x00000000d6e80000,0x00000000d71b4148,0x00000000d7280000)
  to   space 4096K, 0% used [0x00000000d7280000,0x00000000d7280000,0x00000000d7680000)
 ParOldGen       total 68608K, used 0K [0x0000000080000000, 0x0000000084300000, 0x00000000d5580000)
  object space 68608K, 0% used [0x0000000080000000,0x0000000080000000,0x0000000084300000)
 Metaspace       used 8194K, committed 8512K, reserved 1114112K
  class space    used 870K, committed 1024K, reserved 1048576K
}
Event: 2.252 GC heap after
{Heap after GC invocations=2 (full 0):
 PSYoungGen      total 29696K, used 4070K [0x00000000d5580000, 0x00000000d7680000, 0x0000000100000000)
  eden space 25600K, 0% used [0x00000000d5580000,0x00000000d5580000,0x00000000d6e80000)
  from space 4096K, 99% used [0x00000000d7280000,0x00000000d7679820,0x00000000d7680000)
  to   space 4096K, 0% used [0x00000000d6e80000,0x00000000d6e80000,0x00000000d7280000)
 ParOldGen       total 68608K, used 1187K [0x0000000080000000, 0x0000000084300000, 0x00000000d5580000)
  object space 68608K, 1% used [0x0000000080000000,0x0000000080128eb8,0x0000000084300000)
 Metaspace       used 8194K, committed 8512K, reserved 1114112K
  class space    used 870K, committed 1024K, reserved 1048576K
}
Event: 2.915 GC heap before
{Heap before GC invocations=3 (full 0):
 PSYoungGen      total 29696K, used 29670K [0x00000000d5580000, 0x00000000d7680000, 0x0000000100000000)
  eden space 25600K, 100% used [0x00000000d5580000,0x00000000d6e80000,0x00000000d6e80000)
  from space 4096K, 99% used [0x00000000d7280000,0x00000000d7679820,0x00000000d7680000)
  to   space 4096K, 0% used [0x00000000d6e80000,0x00000000d6e80000,0x00000000d7280000)
 ParOldGen       total 68608K, used 1187K [0x0000000080000000, 0x0000000084300000, 0x00000000d5580000)
  object space 68608K, 1% used [0x0000000080000000,0x0000000080128eb8,0x0000000084300000)
 Metaspace       used 13027K, committed 13504K, reserved 1114112K
  class space    used 1381K, committed 1600K, reserved 1048576K
}
Event: 2.920 GC heap after
{Heap after GC invocations=3 (full 0):
 PSYoungGen      total 29696K, used 4076K [0x00000000d5580000, 0x00000000d7680000, 0x0000000100000000)
  eden space 25600K, 0% used [0x00000000d5580000,0x00000000d5580000,0x00000000d6e80000)
  from space 4096K, 99% used [0x00000000d6e80000,0x00000000d727b0a8,0x00000000d7280000)
  to   space 4096K, 0% used [0x00000000d7280000,0x00000000d7280000,0x00000000d7680000)
 ParOldGen       total 68608K, used 2870K [0x0000000080000000, 0x0000000084300000, 0x00000000d5580000)
  object space 68608K, 4% used [0x0000000080000000,0x00000000802cd9e8,0x0000000084300000)
 Metaspace       used 13027K, committed 13504K, reserved 1114112K
  class space    used 1381K, committed 1600K, reserved 1048576K
}
Event: 4.072 GC heap before
{Heap before GC invocations=4 (full 0):
 PSYoungGen      total 29696K, used 29676K [0x00000000d5580000, 0x00000000d7680000, 0x0000000100000000)
  eden space 25600K, 100% used [0x00000000d5580000,0x00000000d6e80000,0x00000000d6e80000)
  from space 4096K, 99% used [0x00000000d6e80000,0x00000000d727b0a8,0x00000000d7280000)
  to   space 4096K, 0% used [0x00000000d7280000,0x00000000d7280000,0x00000000d7680000)
 ParOldGen       total 68608K, used 2870K [0x0000000080000000, 0x0000000084300000, 0x00000000d5580000)
  object space 68608K, 4% used [0x0000000080000000,0x00000000802cd9e8,0x0000000084300000)
 Metaspace       used 17256K, committed 17920K, reserved 1114112K
  class space    used 1811K, committed 2112K, reserved 1048576K
}
Event: 4.077 GC heap after
{Heap after GC invocations=4 (full 0):
 PSYoungGen      total 29696K, used 4072K [0x00000000d5580000, 0x00000000d7680000, 0x0000000100000000)
  eden space 25600K, 0% used [0x00000000d5580000,0x00000000d5580000,0x00000000d6e80000)
  from space 4096K, 99% used [0x00000000d7280000,0x00000000d767a0d0,0x00000000d7680000)
  to   space 4096K, 0% used [0x00000000d6e80000,0x00000000d6e80000,0x00000000d7280000)
 ParOldGen       total 68608K, used 4661K [0x0000000080000000, 0x0000000084300000, 0x00000000d5580000)
  object space 68608K, 6% used [0x0000000080000000,0x000000008048d490,0x0000000084300000)
 Metaspace       used 17256K, committed 17920K, reserved 1114112K
  class space    used 1811K, committed 2112K, reserved 1048576K
}
Event: 4.339 GC heap before
{Heap before GC invocations=5 (full 0):
 PSYoungGen      total 29696K, used 29672K [0x00000000d5580000, 0x00000000d7680000, 0x0000000100000000)
  eden space 25600K, 100% used [0x00000000d5580000,0x00000000d6e80000,0x00000000d6e80000)
  from space 4096K, 99% used [0x00000000d7280000,0x00000000d767a0d0,0x00000000d7680000)
  to   space 4096K, 0% used [0x00000000d6e80000,0x00000000d6e80000,0x00000000d7280000)
 ParOldGen       total 68608K, used 4661K [0x0000000080000000, 0x0000000084300000, 0x00000000d5580000)
  object space 68608K, 6% used [0x0000000080000000,0x000000008048d490,0x0000000084300000)
 Metaspace       used 20478K, committed 21184K, reserved 1114112K
  class space    used 2036K, committed 2368K, reserved 1048576K
}
Event: 4.343 GC heap after
{Heap after GC invocations=5 (full 0):
 PSYoungGen      total 29184K, used 4084K [0x00000000d5580000, 0x00000000d7800000, 0x0000000100000000)
  eden space 25088K, 0% used [0x00000000d5580000,0x00000000d5580000,0x00000000d6e00000)
  from space 4096K, 99% used [0x00000000d6e80000,0x00000000d727d210,0x00000000d7280000)
  to   space 5120K, 0% used [0x00000000d7300000,0x00000000d7300000,0x00000000d7800000)
 ParOldGen       total 68608K, used 4847K [0x0000000080000000, 0x0000000084300000, 0x00000000d5580000)
  object space 68608K, 7% used [0x0000000080000000,0x00000000804bbdf8,0x0000000084300000)
 Metaspace       used 20478K, committed 21184K, reserved 1114112K
  class space    used 2036K, committed 2368K, reserved 1048576K
}
Event: 4.376 GC heap before
{Heap before GC invocations=6 (full 0):
 PSYoungGen      total 29184K, used 9086K [0x00000000d5580000, 0x00000000d7800000, 0x0000000100000000)
  eden space 25088K, 19% used [0x00000000d5580000,0x00000000d5a62830,0x00000000d6e00000)
  from space 4096K, 99% used [0x00000000d6e80000,0x00000000d727d210,0x00000000d7280000)
  to   space 5120K, 0% used [0x00000000d7300000,0x00000000d7300000,0x00000000d7800000)
 ParOldGen       total 68608K, used 4847K [0x0000000080000000, 0x0000000084300000, 0x00000000d5580000)
  object space 68608K, 7% used [0x0000000080000000,0x00000000804bbdf8,0x0000000084300000)
 Metaspace       used 20885K, committed 21504K, reserved 1114112K
  class space    used 2056K, committed 2368K, reserved 1048576K
}
Event: 4.381 GC heap after
{Heap after GC invocations=6 (full 0):
 PSYoungGen      total 29696K, used 5095K [0x00000000d5580000, 0x00000000d7900000, 0x0000000100000000)
  eden space 24576K, 0% used [0x00000000d5580000,0x00000000d5580000,0x00000000d6d80000)
  from space 5120K, 99% used [0x00000000d7300000,0x00000000d77f9f58,0x00000000d7800000)
  to   space 5632K, 0% used [0x00000000d6d80000,0x00000000d6d80000,0x00000000d7300000)
 ParOldGen       total 68608K, used 4847K [0x0000000080000000, 0x0000000084300000, 0x00000000d5580000)
  object space 68608K, 7% used [0x0000000080000000,0x00000000804bbdf8,0x0000000084300000)
 Metaspace       used 20885K, committed 21504K, reserved 1114112K
  class space    used 2056K, committed 2368K, reserved 1048576K
}
Event: 4.381 GC heap before
{Heap before GC invocations=7 (full 1):
 PSYoungGen      total 29696K, used 5095K [0x00000000d5580000, 0x00000000d7900000, 0x0000000100000000)
  eden space 24576K, 0% used [0x00000000d5580000,0x00000000d5580000,0x00000000d6d80000)
  from space 5120K, 99% used [0x00000000d7300000,0x00000000d77f9f58,0x00000000d7800000)
  to   space 5632K, 0% used [0x00000000d6d80000,0x00000000d6d80000,0x00000000d7300000)
 ParOldGen       total 68608K, used 4847K [0x0000000080000000, 0x0000000084300000, 0x00000000d5580000)
  object space 68608K, 7% used [0x0000000080000000,0x00000000804bbdf8,0x0000000084300000)
 Metaspace       used 20885K, committed 21504K, reserved 1114112K
  class space    used 2056K, committed 2368K, reserved 1048576K
}
Event: 4.408 GC heap after
{Heap after GC invocations=7 (full 1):
 PSYoungGen      total 29696K, used 0K [0x00000000d5580000, 0x00000000d7900000, 0x0000000100000000)
  eden space 24576K, 0% used [0x00000000d5580000,0x00000000d5580000,0x00000000d6d80000)
  from space 5120K, 0% used [0x00000000d7300000,0x00000000d7300000,0x00000000d7800000)
  to   space 5632K, 0% used [0x00000000d6d80000,0x00000000d6d80000,0x00000000d7300000)
 ParOldGen       total 68608K, used 8916K [0x0000000080000000, 0x0000000084300000, 0x00000000d5580000)
  object space 68608K, 12% used [0x0000000080000000,0x00000000808b52f0,0x0000000084300000)
 Metaspace       used 20873K, committed 21504K, reserved 1114112K
  class space    used 2052K, committed 2368K, reserved 1048576K
}
Event: 5.007 GC heap before
{Heap before GC invocations=8 (full 1):
 PSYoungGen      total 29696K, used 24576K [0x00000000d5580000, 0x00000000d7900000, 0x0000000100000000)
  eden space 24576K, 100% used [0x00000000d5580000,0x00000000d6d80000,0x00000000d6d80000)
  from space 5120K, 0% used [0x00000000d7300000,0x00000000d7300000,0x00000000d7800000)
  to   space 5632K, 0% used [0x00000000d6d80000,0x00000000d6d80000,0x00000000d7300000)
 ParOldGen       total 68608K, used 8916K [0x0000000080000000, 0x0000000084300000, 0x00000000d5580000)
  object space 68608K, 12% used [0x0000000080000000,0x00000000808b52f0,0x0000000084300000)
 Metaspace       used 22942K, committed 23616K, reserved 1114112K
  class space    used 2228K, committed 2560K, reserved 1048576K
}
Event: 5.009 GC heap after
{Heap after GC invocations=8 (full 1):
 PSYoungGen      total 26624K, used 2280K [0x00000000d5580000, 0x00000000d7400000, 0x0000000100000000)
  eden space 24064K, 0% used [0x00000000d5580000,0x00000000d5580000,0x00000000d6d00000)
  from space 2560K, 89% used [0x00000000d6d80000,0x00000000d6fba2b0,0x00000000d7000000)
  to   space 3584K, 0% used [0x00000000d7080000,0x00000000d7080000,0x00000000d7400000)
 ParOldGen       total 68608K, used 8924K [0x0000000080000000, 0x0000000084300000, 0x00000000d5580000)
  object space 68608K, 13% used [0x0000000080000000,0x00000000808b72f0,0x0000000084300000)
 Metaspace       used 22942K, committed 23616K, reserved 1114112K
  class space    used 2228K, committed 2560K, reserved 1048576K
}
Event: 5.585 GC heap before
{Heap before GC invocations=9 (full 1):
 PSYoungGen      total 26624K, used 26344K [0x00000000d5580000, 0x00000000d7400000, 0x0000000100000000)
  eden space 24064K, 100% used [0x00000000d5580000,0x00000000d6d00000,0x00000000d6d00000)
  from space 2560K, 89% used [0x00000000d6d80000,0x00000000d6fba2b0,0x00000000d7000000)
  to   space 3584K, 0% used [0x00000000d7080000,0x00000000d7080000,0x00000000d7400000)
 ParOldGen       total 68608K, used 8924K [0x0000000080000000, 0x0000000084300000, 0x00000000d5580000)
  object space 68608K, 13% used [0x0000000080000000,0x00000000808b72f0,0x0000000084300000)
 Metaspace       used 26484K, committed 27328K, reserved 1114112K
  class space    used 2605K, committed 2944K, reserved 1048576K
}
Event: 5.590 GC heap after
{Heap after GC invocations=9 (full 1):
 PSYoungGen      total 26624K, used 2956K [0x00000000d5580000, 0x00000000d7380000, 0x0000000100000000)
  eden space 23552K, 0% used [0x00000000d5580000,0x00000000d5580000,0x00000000d6c80000)
  from space 3072K, 96% used [0x00000000d7080000,0x00000000d7363138,0x00000000d7380000)
  to   space 3584K, 0% used [0x00000000d6c80000,0x00000000d6c80000,0x00000000d7000000)
 ParOldGen       total 68608K, used 10495K [0x0000000080000000, 0x0000000084300000, 0x00000000d5580000)
  object space 68608K, 15% used [0x0000000080000000,0x0000000080a3fd10,0x0000000084300000)
 Metaspace       used 26484K, committed 27328K, reserved 1114112K
  class space    used 2605K, committed 2944K, reserved 1048576K
}

Dll operation events (10 events):
Event: 0.011 Loaded shared library c:\Users\DELL\.antigravity\extensions\redhat.java-1.54.0-win32-x64\jre\21.0.10-win32-x86_64\bin\java.dll
Event: 0.073 Loaded shared library c:\Users\DELL\.antigravity\extensions\redhat.java-1.54.0-win32-x64\jre\21.0.10-win32-x86_64\bin\zip.dll
Event: 0.093 Loaded shared library C:\Users\DELL\.antigravity\extensions\redhat.java-1.54.0-win32-x64\jre\21.0.10-win32-x86_64\bin\instrument.dll
Event: 0.099 Loaded shared library C:\Users\DELL\.antigravity\extensions\redhat.java-1.54.0-win32-x64\jre\21.0.10-win32-x86_64\bin\net.dll
Event: 0.102 Loaded shared library C:\Users\DELL\.antigravity\extensions\redhat.java-1.54.0-win32-x64\jre\21.0.10-win32-x86_64\bin\nio.dll
Event: 0.106 Loaded shared library C:\Users\DELL\.antigravity\extensions\redhat.java-1.54.0-win32-x64\jre\21.0.10-win32-x86_64\bin\zip.dll
Event: 0.127 Loaded shared library C:\Users\DELL\.antigravity\extensions\redhat.java-1.54.0-win32-x64\jre\21.0.10-win32-x86_64\bin\jimage.dll
Event: 0.202 Loaded shared library c:\Users\DELL\.antigravity\extensions\redhat.java-1.54.0-win32-x64\jre\21.0.10-win32-x86_64\bin\verify.dll
Event: 2.216 Loaded shared library C:\Users\DELL\AppData\Roaming\Antigravity\User\globalStorage\redhat.java\1.54.0\config_ss_win\org.eclipse.equinox.launcher\org.eclipse.equinox.launcher.win32.win32.x86_64_1.3.0.v20260203-2149\eclipse_11919.dll
Event: 3.809 Loaded shared library C:\Users\DELL\AppData\Local\Temp\jna-2094529\jna3509534236838214877.dll

Deoptimization events (20 events):
Event: 5.317 Thread 0x00000222e386ceb0 Uncommon trap: trap_request=0xffffff45 fr.pc=0x00000222903806c4 relative=0x0000000000000124
Event: 5.317 Thread 0x00000222e386ceb0 Uncommon trap: reason=unstable_if action=reinterpret pc=0x00000222903806c4 method=jdk.internal.org.objectweb.asm.SymbolTable.put(Ljdk/internal/org/objectweb/asm/SymbolTable$Entry;)Ljdk/internal/org/objectweb/asm/SymbolTable$Entry; @ 13 c2
Event: 5.317 Thread 0x00000222e386ceb0 DEOPT PACKING pc=0x00000222903806c4 sp=0x0000006a7e9fbf70
Event: 5.317 Thread 0x00000222e386ceb0 DEOPT UNPACKING pc=0x000002228fdc6da2 sp=0x0000006a7e9fbed0 mode 2
Event: 5.335 Thread 0x00000222e386ceb0 Uncommon trap: trap_request=0xffffff45 fr.pc=0x000002229041de68 relative=0x0000000000000388
Event: 5.335 Thread 0x00000222e386ceb0 Uncommon trap: reason=unstable_if action=reinterpret pc=0x000002229041de68 method=java.lang.Integer.parseInt(Ljava/lang/String;I)I @ 119 c2
Event: 5.335 Thread 0x00000222e386ceb0 DEOPT PACKING pc=0x000002229041de68 sp=0x0000006a7e9fcd50
Event: 5.335 Thread 0x00000222e386ceb0 DEOPT UNPACKING pc=0x000002228fdc6da2 sp=0x0000006a7e9fccb8 mode 2
Event: 5.365 Thread 0x000002228562a4e0 Uncommon trap: trap_request=0xffffff45 fr.pc=0x000002229046bf7c relative=0x000000000000131c
Event: 5.365 Thread 0x000002228562a4e0 Uncommon trap: reason=unstable_if action=reinterpret pc=0x000002229046bf7c method=java.util.zip.ZipCoder$UTF8ZipCoder.hasTrailingSlash([BI)Z @ 11 c2
Event: 5.365 Thread 0x000002228562a4e0 DEOPT PACKING pc=0x000002229046bf7c sp=0x0000006a7d2fa200
Event: 5.365 Thread 0x000002228562a4e0 DEOPT UNPACKING pc=0x000002228fdc6da2 sp=0x0000006a7d2fa168 mode 2
Event: 5.408 Thread 0x00000222e378ae40 Uncommon trap: trap_request=0xffffff45 fr.pc=0x0000022290452e90 relative=0x0000000000000e90
Event: 5.408 Thread 0x00000222e378ae40 Uncommon trap: reason=unstable_if action=reinterpret pc=0x0000022290452e90 method=java.util.Properties.loadConvert([CIILjava/lang/StringBuilder;)Ljava/lang/String; @ 477 c2
Event: 5.408 Thread 0x00000222e378ae40 DEOPT PACKING pc=0x0000022290452e90 sp=0x0000006a7ecfd640
Event: 5.408 Thread 0x00000222e378ae40 DEOPT UNPACKING pc=0x000002228fdc6da2 sp=0x0000006a7ecfd620 mode 2
Event: 5.542 Thread 0x00000222e378ae40 Uncommon trap: trap_request=0xffffffc6 fr.pc=0x0000022290467cbc relative=0x00000000000008dc
Event: 5.542 Thread 0x00000222e378ae40 Uncommon trap: reason=bimorphic_or_optimized_type_check action=maybe_recompile pc=0x0000022290467cbc method=java.util.HashMap.putVal(ILjava/lang/Object;Ljava/lang/Object;ZZ)Ljava/lang/Object; @ 91 c2
Event: 5.542 Thread 0x00000222e378ae40 DEOPT PACKING pc=0x0000022290467cbc sp=0x0000006a7ecfecd0
Event: 5.542 Thread 0x00000222e378ae40 DEOPT UNPACKING pc=0x000002228fdc6da2 sp=0x0000006a7ecfebd8 mode 2

Classes loaded (20 events):
Event: 5.603 Loading class sun/reflect/generics/tree/ClassSignature
Event: 5.603 Loading class sun/reflect/generics/tree/ClassSignature done
Event: 5.603 Loading class sun/reflect/generics/tree/TypeVariableSignature
Event: 5.603 Loading class sun/reflect/generics/tree/TypeVariableSignature done
Event: 5.604 Loading class sun/reflect/generics/reflectiveObjects/TypeVariableImpl
Event: 5.604 Loading class sun/reflect/generics/reflectiveObjects/LazyReflectiveObjectGenerator
Event: 5.604 Loading class sun/reflect/generics/reflectiveObjects/LazyReflectiveObjectGenerator done
Event: 5.604 Loading class sun/reflect/generics/reflectiveObjects/TypeVariableImpl done
Event: 5.618 Loading class java/lang/Deprecated
Event: 5.618 Loading class java/lang/Deprecated done
Event: 5.624 Loading class jdk/internal/vm/annotation/IntrinsicCandidate
Event: 5.624 Loading class jdk/internal/vm/annotation/IntrinsicCandidate done
Event: 5.649 Loading class sun/reflect/generics/tree/BottomSignature
Event: 5.650 Loading class sun/reflect/generics/tree/BottomSignature done
Event: 5.650 Loading class sun/reflect/generics/tree/Wildcard
Event: 5.650 Loading class sun/reflect/generics/tree/Wildcard done
Event: 5.650 Loading class sun/reflect/generics/reflectiveObjects/WildcardTypeImpl
Event: 5.650 Loading class java/lang/reflect/WildcardType
Event: 5.650 Loading class java/lang/reflect/WildcardType done
Event: 5.650 Loading class sun/reflect/generics/reflectiveObjects/WildcardTypeImpl done

Classes unloaded (7 events):
Event: 4.385 Thread 0x00000222dd191040 Unloading class 0x000002229d18cc00 'java/lang/invoke/LambdaForm$MH+0x000002229d18cc00'
Event: 4.385 Thread 0x00000222dd191040 Unloading class 0x000002229d18c800 'java/lang/invoke/LambdaForm$MH+0x000002229d18c800'
Event: 4.385 Thread 0x00000222dd191040 Unloading class 0x000002229d18c400 'java/lang/invoke/LambdaForm$MH+0x000002229d18c400'
Event: 4.385 Thread 0x00000222dd191040 Unloading class 0x000002229d18c000 'java/lang/invoke/LambdaForm$MH+0x000002229d18c000'
Event: 4.385 Thread 0x00000222dd191040 Unloading class 0x000002229d18bc00 'java/lang/invoke/LambdaForm$BMH+0x000002229d18bc00'
Event: 4.385 Thread 0x00000222dd191040 Unloading class 0x000002229d18b800 'java/lang/invoke/LambdaForm$DMH+0x000002229d18b800'
Event: 4.385 Thread 0x00000222dd191040 Unloading class 0x000002229d18a400 'java/lang/invoke/LambdaForm$DMH+0x000002229d18a400'

Classes redefined (0 events):
No events

Internal exceptions (20 events):
Event: 5.385 Thread 0x000002228562a4e0 Exception <a 'java/lang/NoSuchMethodError'{0x00000000d66aa048}: 'java.lang.Object java.lang.invoke.DirectMethodHandle$Holder.invokeStatic(java.lang.Object, long, java.lang.Object)'> (0x00000000d66aa048) 
thrown [s\src\hotspot\share\interpreter\linkResolver.cpp, line 773]
Event: 5.386 Thread 0x000002228562a4e0 Exception <a 'java/lang/NoSuchMethodError'{0x00000000d66ad6e0}: 'java.lang.Object java.lang.invoke.DirectMethodHandle$Holder.invokeStaticInit(java.lang.Object, long, java.lang.Object)'> (0x00000000d66ad6e0) 
thrown [s\src\hotspot\share\interpreter\linkResolver.cpp, line 773]
Event: 5.387 Thread 0x000002228562a4e0 Exception <a 'java/lang/NoSuchMethodError'{0x00000000d66dd328}: 'java.lang.Object java.lang.invoke.DirectMethodHandle$Holder.newInvokeSpecial(java.lang.Object, long)'> (0x00000000d66dd328) 
thrown [s\src\hotspot\share\interpreter\linkResolver.cpp, line 773]
Event: 5.492 Thread 0x00000222e378ae40 Exception <a 'sun/nio/fs/WindowsException'{0x00000000d6b88c90}> (0x00000000d6b88c90) 
thrown [s\src\hotspot\share\prims\jni.cpp, line 520]
Event: 5.492 Thread 0x00000222e378ae40 Exception <a 'sun/nio/fs/WindowsException'{0x00000000d6b89520}> (0x00000000d6b89520) 
thrown [s\src\hotspot\share\prims\jni.cpp, line 520]
Event: 5.492 Thread 0x00000222e378ae40 Exception <a 'sun/nio/fs/WindowsException'{0x00000000d6b8a640}> (0x00000000d6b8a640) 
thrown [s\src\hotspot\share\prims\jni.cpp, line 520]
Event: 5.492 Thread 0x00000222e378ae40 Exception <a 'sun/nio/fs/WindowsException'{0x00000000d6b8aed0}> (0x00000000d6b8aed0) 
thrown [s\src\hotspot\share\prims\jni.cpp, line 520]
Event: 5.496 Thread 0x00000222e378ae40 Exception <a 'sun/nio/fs/WindowsException'{0x00000000d6ba0d58}> (0x00000000d6ba0d58) 
thrown [s\src\hotspot\share\prims\jni.cpp, line 520]
Event: 5.497 Thread 0x00000222e378ae40 Exception <a 'sun/nio/fs/WindowsException'{0x00000000d6ba15e8}> (0x00000000d6ba15e8) 
thrown [s\src\hotspot\share\prims\jni.cpp, line 520]
Event: 5.529 Thread 0x00000222e378ae40 Exception <a 'sun/nio/fs/WindowsException'{0x00000000d6bf6fc8}> (0x00000000d6bf6fc8) 
thrown [s\src\hotspot\share\prims\jni.cpp, line 520]
Event: 5.529 Thread 0x00000222e378ae40 Exception <a 'sun/nio/fs/WindowsException'{0x00000000d6bf7858}> (0x00000000d6bf7858) 
thrown [s\src\hotspot\share\prims\jni.cpp, line 520]
Event: 5.531 Thread 0x00000222e378ae40 Exception <a 'sun/nio/fs/WindowsException'{0x00000000d6bf8fa8}> (0x00000000d6bf8fa8) 
thrown [s\src\hotspot\share\prims\jni.cpp, line 520]
Event: 5.531 Thread 0x00000222e378ae40 Exception <a 'sun/nio/fs/WindowsException'{0x00000000d6c11978}> (0x00000000d6c11978) 
thrown [s\src\hotspot\share\prims\jni.cpp, line 520]
Event: 5.532 Thread 0x00000222e378ae40 Exception <a 'sun/nio/fs/WindowsException'{0x00000000d6c12298}> (0x00000000d6c12298) 
thrown [s\src\hotspot\share\prims\jni.cpp, line 520]
Event: 5.532 Thread 0x00000222e378ae40 Exception <a 'sun/nio/fs/WindowsException'{0x00000000d6c128c8}> (0x00000000d6c128c8) 
thrown [s\src\hotspot\share\prims\jni.cpp, line 520]
Event: 5.533 Thread 0x00000222e378ae40 Exception <a 'sun/nio/fs/WindowsException'{0x00000000d6c13248}> (0x00000000d6c13248) 
thrown [s\src\hotspot\share\prims\jni.cpp, line 520]
Event: 5.533 Thread 0x00000222e378ae40 Exception <a 'sun/nio/fs/WindowsException'{0x00000000d6c13878}> (0x00000000d6c13878) 
thrown [s\src\hotspot\share\prims\jni.cpp, line 520]
Event: 5.534 Thread 0x00000222e378ae40 Exception <a 'sun/nio/fs/WindowsException'{0x00000000d6c14ef0}> (0x00000000d6c14ef0) 
thrown [s\src\hotspot\share\prims\jni.cpp, line 520]
Event: 5.534 Thread 0x00000222e378ae40 Exception <a 'sun/nio/fs/WindowsException'{0x00000000d6c15520}> (0x00000000d6c15520) 
thrown [s\src\hotspot\share\prims\jni.cpp, line 520]
Event: 5.536 Thread 0x00000222e378ae40 Exception <a 'java/lang/NoSuchMethodError'{0x00000000d6c29590}: 'void java.lang.invoke.DirectMethodHandle$Holder.invokeVirtual(java.lang.Object, java.lang.Object, java.lang.Object, java.lang.Object)'> (0x00000000d6c29590) 
thrown [s\src\hotspot\share\interpreter\linkResolver.cpp, line 773]

ZGC Phase Switch (0 events):
No events

VM Operations (20 events):
Event: 3.424 Executing non-safepoint VM operation: HandshakeAllThreads (Deoptimize)
Event: 3.424 Executing non-safepoint VM operation: HandshakeAllThreads (Deoptimize) done
Event: 3.828 Executing non-safepoint VM operation: HandshakeAllThreads (Deoptimize)
Event: 3.828 Executing non-safepoint VM operation: HandshakeAllThreads (Deoptimize) done
Event: 4.072 Executing safepoint VM operation: ParallelGCFailedAllocation (Allocation Failure)
Event: 4.077 Executing safepoint VM operation: ParallelGCFailedAllocation (Allocation Failure) done
Event: 4.339 Executing safepoint VM operation: ParallelGCFailedAllocation (Allocation Failure)
Event: 4.343 Executing safepoint VM operation: ParallelGCFailedAllocation (Allocation Failure) done
Event: 4.376 Executing safepoint VM operation: CollectForMetadataAllocation (Metadata GC Threshold)
Event: 4.408 Executing safepoint VM operation: CollectForMetadataAllocation (Metadata GC Threshold) done
Event: 4.837 Executing safepoint VM operation: ParallelGCFailedAllocation (Allocation Failure)
Event: 5.009 Executing safepoint VM operation: ParallelGCFailedAllocation (Allocation Failure) done
Event: 5.063 Executing non-safepoint VM operation: HandshakeAllThreads (Deoptimize)
Event: 5.063 Executing non-safepoint VM operation: HandshakeAllThreads (Deoptimize) done
Event: 5.154 Executing non-safepoint VM operation: HandshakeAllThreads (Deoptimize)
Event: 5.154 Executing non-safepoint VM operation: HandshakeAllThreads (Deoptimize) done
Event: 5.248 Executing non-safepoint VM operation: HandshakeAllThreads (Deoptimize)
Event: 5.248 Executing non-safepoint VM operation: HandshakeAllThreads (Deoptimize) done
Event: 5.585 Executing safepoint VM operation: ParallelGCFailedAllocation (Allocation Failure)
Event: 5.590 Executing safepoint VM operation: ParallelGCFailedAllocation (Allocation Failure) done

Memory protections (0 events):
No events

Nmethod flushes (0 events):
No events

Events (20 events):
Event: 2.608 Thread 0x00000222dd1bfae0 Thread added: 0x00000222e38437c0
Event: 2.784 Thread 0x00000222e386ceb0 Thread added: 0x00000222e3928890
Event: 3.405 Thread 0x00000222e38437c0 Thread exited: 0x00000222e38437c0
Event: 3.405 Thread 0x00000222e38430f0 Thread exited: 0x00000222e38430f0
Event: 3.855 Thread 0x00000222e386ceb0 Thread added: 0x00000222e395b370
Event: 3.911 Thread 0x00000222e386ceb0 Thread added: 0x00000222e378ae40
Event: 3.950 Thread 0x00000222e386ceb0 Thread added: 0x00000222e3915f30
Event: 4.109 Thread 0x00000222dd1becb0 Thread added: 0x00000222e38430f0
Event: 4.834 Thread 0x00000222e386ceb0 Thread added: 0x00000222e39165c0
Event: 5.117 Thread 0x00000222e39165c0 Thread exited: 0x00000222e39165c0
Event: 5.401 Thread 0x000002228562a4e0 Thread added: 0x00000222e39172e0
Event: 5.403 Thread 0x000002228562a4e0 Thread added: 0x00000222e3917970
Event: 5.423 Thread 0x000002228562a4e0 Thread added: 0x00000222e39158a0
Event: 5.438 Thread 0x000002228562a4e0 Thread added: 0x00000222e39165c0
Event: 5.440 Thread 0x000002228562a4e0 Thread added: 0x00000222e3915210
Event: 5.449 Thread 0x000002228562a4e0 Thread added: 0x00000222e39144f0
Event: 5.473 Thread 0x000002228562a4e0 Thread added: 0x00000222e3916c50
Event: 5.486 Thread 0x000002228562a4e0 Thread added: 0x00000222e40ceb90
Event: 5.497 Thread 0x000002228562a4e0 Thread added: 0x00000222e40cb080
Event: 5.577 Thread 0x000002228562a4e0 Thread added: 0x00000222e40d26a0


Dynamic libraries:
0x00007ff679870000 - 0x00007ff67987e000 	c:\Users\DELL\.antigravity\extensions\redhat.java-1.54.0-win32-x64\jre\21.0.10-win32-x86_64\bin\java.exe
0x00007ffdef2e0000 - 0x00007ffdef4e9000 	C:\Windows\SYSTEM32\ntdll.dll
0x00007ffdedcc0000 - 0x00007ffdedd7d000 	C:\Windows\System32\KERNEL32.DLL
0x00007ffdec7e0000 - 0x00007ffdecb64000 	C:\Windows\System32\KERNELBASE.dll
0x00007ffdecbf0000 - 0x00007ffdecd01000 	C:\Windows\System32\ucrtbase.dll
0x00007ffddf720000 - 0x00007ffddf738000 	c:\Users\DELL\.antigravity\extensions\redhat.java-1.54.0-win32-x64\jre\21.0.10-win32-x86_64\bin\jli.dll
0x00007ffdeeab0000 - 0x00007ffdeec5d000 	C:\Windows\System32\USER32.dll
0x00007ffdecdb0000 - 0x00007ffdecdd6000 	C:\Windows\System32\win32u.dll
0x00007ffded1b0000 - 0x00007ffded1da000 	C:\Windows\System32\GDI32.dll
0x00007ffdecde0000 - 0x00007ffdecefe000 	C:\Windows\System32\gdi32full.dll
0x00007ffdecd10000 - 0x00007ffdecdad000 	C:\Windows\System32\msvcp_win.dll
0x00007ffdd6d70000 - 0x00007ffdd6d8e000 	c:\Users\DELL\.antigravity\extensions\redhat.java-1.54.0-win32-x64\jre\21.0.10-win32-x86_64\bin\VCRUNTIME140.dll
0x00007ffdcc3e0000 - 0x00007ffdcc685000 	C:\Windows\WinSxS\amd64_microsoft.windows.common-controls_6595b64144ccf1df_6.0.22000.120_none_9d947278b86cc467\COMCTL32.dll
0x00007ffdeed90000 - 0x00007ffdeee33000 	C:\Windows\System32\msvcrt.dll
0x00007ffdeea70000 - 0x00007ffdeeaa1000 	C:\Windows\System32\IMM32.DLL
0x00007ffde60c0000 - 0x00007ffde60cc000 	c:\Users\DELL\.antigravity\extensions\redhat.java-1.54.0-win32-x64\jre\21.0.10-win32-x86_64\bin\vcruntime140_1.dll
0x00007ffdd24c0000 - 0x00007ffdd254d000 	c:\Users\DELL\.antigravity\extensions\redhat.java-1.54.0-win32-x64\jre\21.0.10-win32-x86_64\bin\msvcp140.dll
0x00007ffd5f9a0000 - 0x00007ffd60741000 	c:\Users\DELL\.antigravity\extensions\redhat.java-1.54.0-win32-x64\jre\21.0.10-win32-x86_64\bin\server\jvm.dll
0x00007ffdeee40000 - 0x00007ffdeeeee000 	C:\Windows\System32\ADVAPI32.dll
0x00007ffdedc10000 - 0x00007ffdedcae000 	C:\Windows\System32\sechost.dll
0x00007ffdedae0000 - 0x00007ffdedc01000 	C:\Windows\System32\RPCRT4.dll
0x00007ffded130000 - 0x00007ffded19f000 	C:\Windows\System32\WS2_32.dll
0x00007ffdeb060000 - 0x00007ffdeb0ad000 	C:\Windows\SYSTEM32\POWRPROF.dll
0x00007ffdea420000 - 0x00007ffdea453000 	C:\Windows\SYSTEM32\WINMM.dll
0x00007ffde68d0000 - 0x00007ffde68da000 	C:\Windows\SYSTEM32\VERSION.dll
0x00007ffdeb190000 - 0x00007ffdeb1a3000 	C:\Windows\SYSTEM32\UMPDC.dll
0x00007ffdeb8d0000 - 0x00007ffdeb8e8000 	C:\Windows\SYSTEM32\kernel.appcore.dll
0x00007ffde5e70000 - 0x00007ffde5e7a000 	c:\Users\DELL\.antigravity\extensions\redhat.java-1.54.0-win32-x64\jre\21.0.10-win32-x86_64\bin\jimage.dll
0x00007ffdea160000 - 0x00007ffdea381000 	C:\Windows\SYSTEM32\DBGHELP.DLL
0x00007ffdea3e0000 - 0x00007ffdea411000 	C:\Windows\SYSTEM32\dbgcore.DLL
0x00007ffdecb70000 - 0x00007ffdecbef000 	C:\Windows\System32\bcryptPrimitives.dll
0x00007ffde5ce0000 - 0x00007ffde5cef000 	c:\Users\DELL\.antigravity\extensions\redhat.java-1.54.0-win32-x64\jre\21.0.10-win32-x86_64\bin\instrument.dll
0x00007ffdd6c00000 - 0x00007ffdd6c20000 	c:\Users\DELL\.antigravity\extensions\redhat.java-1.54.0-win32-x64\jre\21.0.10-win32-x86_64\bin\java.dll
0x00007ffdedd80000 - 0x00007ffdee545000 	C:\Windows\System32\SHELL32.dll
0x00007ffdea7e0000 - 0x00007ffdeb042000 	C:\Windows\SYSTEM32\windows.storage.dll
0x00007ffded2e0000 - 0x00007ffded656000 	C:\Windows\System32\combase.dll
0x00007ffdea670000 - 0x00007ffdea7d7000 	C:\Windows\SYSTEM32\wintypes.dll
0x00007ffdee660000 - 0x00007ffdee74a000 	C:\Windows\System32\SHCORE.dll
0x00007ffdef240000 - 0x00007ffdef29d000 	C:\Windows\System32\shlwapi.dll
0x00007ffdec6a0000 - 0x00007ffdec6c5000 	C:\Windows\SYSTEM32\profapi.dll
0x00007ffdd61b0000 - 0x00007ffdd61c8000 	c:\Users\DELL\.antigravity\extensions\redhat.java-1.54.0-win32-x64\jre\21.0.10-win32-x86_64\bin\zip.dll
0x00007ffde5970000 - 0x00007ffde5980000 	C:\Users\DELL\.antigravity\extensions\redhat.java-1.54.0-win32-x64\jre\21.0.10-win32-x86_64\bin\net.dll
0x00007ffde7460000 - 0x00007ffde7574000 	C:\Windows\SYSTEM32\WINHTTP.dll
0x00007ffdebd80000 - 0x00007ffdebde7000 	C:\Windows\system32\mswsock.dll
0x00007ffdd5fa0000 - 0x00007ffdd5fb6000 	C:\Users\DELL\.antigravity\extensions\redhat.java-1.54.0-win32-x64\jre\21.0.10-win32-x86_64\bin\nio.dll
0x00007ffde4d80000 - 0x00007ffde4d90000 	c:\Users\DELL\.antigravity\extensions\redhat.java-1.54.0-win32-x64\jre\21.0.10-win32-x86_64\bin\verify.dll
0x00007ffdcf150000 - 0x00007ffdcf195000 	C:\Users\DELL\AppData\Roaming\Antigravity\User\globalStorage\redhat.java\1.54.0\config_ss_win\org.eclipse.equinox.launcher\org.eclipse.equinox.launcher.win32.win32.x86_64_1.3.0.v20260203-2149\eclipse_11919.dll
0x00007ffdee8d0000 - 0x00007ffdeea6a000 	C:\Windows\System32\ole32.dll
0x00007ffdebfc0000 - 0x00007ffdebfd8000 	C:\Windows\SYSTEM32\CRYPTSP.dll
0x00007ffdeb830000 - 0x00007ffdeb865000 	C:\Windows\system32\rsaenh.dll
0x00007ffdebe70000 - 0x00007ffdebe9c000 	C:\Windows\SYSTEM32\USERENV.dll
0x00007ffdec140000 - 0x00007ffdec167000 	C:\Windows\SYSTEM32\bcrypt.dll
0x00007ffdebfe0000 - 0x00007ffdebfec000 	C:\Windows\SYSTEM32\CRYPTBASE.dll
0x00007ffdeb300000 - 0x00007ffdeb32d000 	C:\Windows\SYSTEM32\IPHLPAPI.DLL
0x00007ffdedcb0000 - 0x00007ffdedcb9000 	C:\Windows\System32\NSI.dll
0x00007ffdd56e0000 - 0x00007ffdd5729000 	C:\Users\DELL\AppData\Local\Temp\jna-2094529\jna3509534236838214877.dll
0x00007ffdeed80000 - 0x00007ffdeed88000 	C:\Windows\System32\PSAPI.DLL
0x00007ffde7410000 - 0x00007ffde7429000 	C:\Windows\SYSTEM32\dhcpcsvc6.DLL
0x00007ffde7dd0000 - 0x00007ffde7dee000 	C:\Windows\SYSTEM32\dhcpcsvc.DLL

JVMTI agents:
c:\Users\DELL\.antigravity\extensions\redhat.java-1.54.0-win32-x64\lombok\lombok-1.18.39-4050.jar path:c:\Users\DELL\.antigravity\extensions\redhat.java-1.54.0-win32-x64\jre\21.0.10-win32-x86_64\bin\instrument.dll, loaded, initialized, instrumentlib options:none

dbghelp: loaded successfully - version: 4.0.5 - missing functions: none
symbol engine: initialized successfully - sym options: 0x614 - pdb path: .;c:\Users\DELL\.antigravity\extensions\redhat.java-1.54.0-win32-x64\jre\21.0.10-win32-x86_64\bin;C:\Windows\SYSTEM32;C:\Windows\WinSxS\amd64_microsoft.windows.common-controls_6595b64144ccf1df_6.0.22000.120_none_9d947278b86cc467;c:\Users\DELL\.antigravity\extensions\redhat.java-1.54.0-win32-x64\jre\21.0.10-win32-x86_64\bin\server;C:\Users\DELL\AppData\Roaming\Antigravity\User\globalStorage\redhat.java\1.54.0\config_ss_win\org.eclipse.equinox.launcher\org.eclipse.equinox.launcher.win32.win32.x86_64_1.3.0.v20260203-2149;C:\Users\DELL\AppData\Local\Temp\jna-2094529

VM Arguments:
jvm_args: --add-modules=ALL-SYSTEM --add-opens=java.base/java.util=ALL-UNNAMED --add-opens=java.base/java.lang=ALL-UNNAMED --add-opens=java.base/sun.nio.fs=ALL-UNNAMED -Declipse.application=org.eclipse.jdt.ls.core.id1 -Dosgi.bundles.defaultStartLevel=4 -Declipse.product=org.eclipse.jdt.ls.core.product -Djava.import.generatesMetadataFilesAtProjectRoot=false -DDetectVMInstallationsJob.disabled=true -Dfile.encoding=utf8 -XX:+UseParallelGC -XX:GCTimeRatio=4 -XX:AdaptiveSizePolicyWeight=90 -Dsun.zip.disableMemoryMapping=true -Xmx2G -Xms100m -Xlog:disable -javaagent:c:\Users\DELL\.antigravity\extensions\redhat.java-1.54.0-win32-x64\lombok\lombok-1.18.39-4050.jar 
java_command: c:\Users\DELL\.antigravity\extensions\redhat.java-1.54.0-win32-x64\server\plugins\org.eclipse.equinox.launcher_1.7.100.v20251111-0406.jar -configuration c:\Users\DELL\AppData\Roaming\Antigravity\User\globalStorage\redhat.java\1.54.0\config_ss_win -data c:\Users\DELL\AppData\Roaming\Antigravity\User\workspaceStorage\ef3b6c5f962f6b7ba8e6f6356c8f0770\redhat.java\ss_ws --pipe=\\.\pipe\lsp-f28f35ef5d1e8b8159582d84417f5b44-sock
java_class_path (initial): c:\Users\DELL\.antigravity\extensions\redhat.java-1.54.0-win32-x64\server\plugins\org.eclipse.equinox.launcher_1.7.100.v20251111-0406.jar
Launcher Type: SUN_STANDARD

[Global flags]
    uintx AdaptiveSizePolicyWeight                 = 90                                        {product} {command line}
     intx CICompilerCount                          = 4                                         {product} {ergonomic}
    uintx GCTimeRatio                              = 4                                         {product} {command line}
   size_t InitialHeapSize                          = 104857600                                 {product} {command line}
   size_t MaxHeapSize                              = 2147483648                                {product} {command line}
   size_t MaxNewSize                               = 715653120                                 {product} {ergonomic}
   size_t MinHeapDeltaBytes                        = 524288                                    {product} {ergonomic}
   size_t MinHeapSize                              = 104857600                                 {product} {command line}
   size_t NewSize                                  = 34603008                                  {product} {ergonomic}
    uintx NonNMethodCodeHeapSize                   = 5839372                                {pd product} {ergonomic}
    uintx NonProfiledCodeHeapSize                  = 122909434                              {pd product} {ergonomic}
   size_t OldSize                                  = 70254592                                  {product} {ergonomic}
    uintx ProfiledCodeHeapSize                     = 122909434                              {pd product} {ergonomic}
    uintx ReservedCodeCacheSize                    = 251658240                              {pd product} {ergonomic}
     bool SegmentedCodeCache                       = true                                      {product} {ergonomic}
   size_t SoftMaxHeapSize                          = 2147483648                             {manageable} {ergonomic}
     bool UseCompressedOops                        = true                           {product lp64_product} {ergonomic}
     bool UseLargePagesIndividualAllocation        = false                                  {pd product} {ergonomic}
     bool UseParallelGC                            = true                                      {product} {command line}

Logging:
Log output configuration:
 #0: stdout all=off uptime,level,tags foldmultilines=false
 #1: stderr all=off uptime,level,tags foldmultilines=false

Release file:
JAVA_VERSION="21.0.10" 
MODULES="java.base java.compiler java.datatransfer java.xml java.prefs java.desktop java.instrument java.logging java.management java.security.sasl java.naming java.rmi java.management.rmi java.net.http java.scripting java.security.jgss java.transaction.xa java.sql java.sql.rowset java.xml.crypto java.se java.smartcardio jdk.accessibility jdk.internal.jvmstat jdk.attach jdk.charsets jdk.internal.opt jdk.zipfs jdk.compiler jdk.crypto.ec jdk.crypto.cryptoki jdk.crypto.mscapi jdk.dynalink jdk.internal.ed jdk.editpad jdk.hotspot.agent jdk.httpserver jdk.internal.le jdk.internal.vm.ci jdk.internal.vm.compiler jdk.internal.vm.compiler.management jdk.jartool jdk.javadoc jdk.jcmd jdk.management jdk.management.agent jdk.jconsole jdk.jdeps jdk.jdwp.agent jdk.jdi jdk.jfr jdk.jshell jdk.jsobject jdk.jstatd jdk.localedata jdk.management.jfr jdk.naming.dns jdk.naming.rmi jdk.net jdk.nio.mapmode jdk.random jdk.sctp jdk.security.auth jdk.security.jgss jdk.unsupported jdk.unsupported.desktop jdk.xml.dom" 

Environment Variables:
PATH=C:\Program Files\Common Files\Oracle\Java\javapath;C:\Windows\system32;C:\Windows;C:\Windows\System32\Wbem;C:\Windows\System32\WindowsPowerShell\v1.0\;C:\Windows\System32\OpenSSH\;C:\Program Files\NVIDIA Corporation\NVIDIA NvDLISR;C:\Program Files\dotnet\;C:\Program Files\MySQL\MySQL Server 8.0\bin;C:\Program Files (x86)\Microsoft SQL Server\170\Tools\Binn\;C:\Program Files\Microsoft SQL Server\170\Tools\Binn\;C:\Program Files\Microsoft SQL Server\Client SDK\ODBC\180\Tools\Binn\;C:\Program Files\Microsoft SQL Server\170\DTS\Binn\;D:\Dont Delete This File\Git\cmd;D:\node.js\;C:\Program Files\MySQL\MySQL Shell 8.0\bin\;C:\Users\DELL\AppData\Local\Microsoft\WindowsApps;;C:\Users\DELL\AppData\Local\Programs\Microsoft VS Code\bin;C:\Program Files\Azure Data Studio\bin;C:\Users\DELL\AppData\Roaming\npm;E:\anti_projects\Antigravity\bin
USERNAME=DELL
OS=Windows_NT
PROCESSOR_IDENTIFIER=Intel64 Family 6 Model 140 Stepping 2, GenuineIntel
TMP=C:\Users\DELL\AppData\Local\Temp
TEMP=C:\Users\DELL\AppData\Local\Temp




Periodic native trim disabled

---------------  S Y S T E M  ---------------

OS:
 Windows 11 , 64 bit Build 22000 (10.0.22000.2538)
OS uptime: 35 days 8:23 hours
Hyper-V role detected

CPU: total 8 (initial active 8) (4 cores per cpu, 2 threads per core) family 6 model 140 stepping 2 microcode 0x16, cx8, cmov, fxsr, ht, mmx, 3dnowpref, sse, sse2, sse3, ssse3, sse4.1, sse4.2, popcnt, lzcnt, tsc, tscinvbit, avx, avx2, aes, erms, clmul, bmi1, bmi2, adx, avx512f, avx512dq, avx512cd, avx512bw, avx512vl, sha, fma, vzeroupper, avx512_vpopcntdq, avx512_vpclmulqdq, avx512_vaes, avx512_vnni, clflush, clflushopt, clwb, avx512_vbmi2, avx512_vbmi, hv, rdtscp, rdpid, fsrm, gfni, avx512_bitalg, f16c, cet_ibt, cet_ss, avx512_ifma
Processor Information for processor 0
  Max Mhz: 2496, Current Mhz: 2496, Mhz Limit: 2496
Processor Information for processor 1
  Max Mhz: 2496, Current Mhz: 1198, Mhz Limit: 2496
Processor Information for processor 2
  Max Mhz: 2496, Current Mhz: 2496, Mhz Limit: 2496
Processor Information for processor 3
  Max Mhz: 2496, Current Mhz: 2496, Mhz Limit: 2496
Processor Information for processor 4
  Max Mhz: 2496, Current Mhz: 1198, Mhz Limit: 2496
Processor Information for processor 5
  Max Mhz: 2496, Current Mhz: 1198, Mhz Limit: 2496
Processor Information for processor 6
  Max Mhz: 2496, Current Mhz: 1198, Mhz Limit: 2496
Processor Information for processor 7
  Max Mhz: 2496, Current Mhz: 1198, Mhz Limit: 2496

Memory: 4k page, system-wide physical 16122M (2889M free)
TotalPageFile size 32953M (AvailPageFile size 13M)
current process WorkingSet (physical memory assigned to process): 160M, peak: 161M
current process commit charge ("private bytes"): 293M, peak: 294M

vm_info: OpenJDK 64-Bit Server VM (21.0.10+7-LTS) for windows-amd64 JRE (21.0.10+7-LTS), built on 2026-01-20T00:00:00Z by "admin" with MS VC++ 17.12 (VS2022)

END.
