#
# There is insufficient memory for the Java Runtime Environment to continue.
# Native memory allocation (mmap) failed to map 65536 bytes. Error detail: Failed to commit metaspace.
# Possible reasons:
#   The system is out of physical RAM or swap space
#   This process is running with CompressedOops enabled, and the Java Heap may be blocking the growth of the native heap
# Possible solutions:
#   Reduce memory load on the system
#   Increase physical memory or swap space
#   Check if swap backing store is full
#   Decrease Java heap size (-Xmx/-Xms)
#   Decrease number of Java threads
#   Decrease Java thread stack sizes (-Xss)
#   Set larger code cache with -XX:ReservedCodeCacheSize=
#   JVM is running with Unscaled Compressed Oops mode in which the Java heap is
#     placed in the first 4GB address space. The Java Heap base address is the
#     maximum limit for the native heap growth. Please use -XX:HeapBaseMinAddress
#     to set the Java Heap base and to place the Java Heap above 4GB virtual address.
# This output file may be truncated or incomplete.
#
#  Out of Memory Error (virtualSpaceNode.cpp:113), pid=23420, tid=24352
#
# JRE version: OpenJDK Runtime Environment Temurin-21.0.10+7 (21.0.10+7) (build 21.0.10+7-LTS)
# Java VM: OpenJDK 64-Bit Server VM Temurin-21.0.10+7 (21.0.10+7-LTS, mixed mode, sharing, tiered, compressed oops, compressed class ptrs, parallel gc, windows-amd64)
# No core dump will be written. Minidumps are not enabled by default on client versions of Windows
#

---------------  S U M M A R Y ------------

Command Line: --add-modules=ALL-SYSTEM --add-opens=java.base/java.util=ALL-UNNAMED --add-opens=java.base/java.lang=ALL-UNNAMED --add-opens=java.base/sun.nio.fs=ALL-UNNAMED -Declipse.application=org.eclipse.jdt.ls.core.id1 -Dosgi.bundles.defaultStartLevel=4 -Declipse.product=org.eclipse.jdt.ls.core.product -Djava.import.generatesMetadataFilesAtProjectRoot=false -DDetectVMInstallationsJob.disabled=true -Dfile.encoding=utf8 -XX:+UseParallelGC -XX:GCTimeRatio=4 -XX:AdaptiveSizePolicyWeight=90 -Dsun.zip.disableMemoryMapping=true -Xmx2G -Xms100m -Xlog:disable -javaagent:c:\Users\DELL\.antigravity\extensions\redhat.java-1.54.0-win32-x64\lombok\lombok-1.18.39-4050.jar -XX:+HeapDumpOnOutOfMemoryError -XX:HeapDumpPath=c:\Users\DELL\AppData\Roaming\Antigravity\User\workspaceStorage\ef3b6c5f962f6b7ba8e6f6356c8f0770\redhat.java -Daether.dependencyCollector.impl=bf c:\Users\DELL\.antigravity\extensions\redhat.java-1.54.0-win32-x64\server\plugins\org.eclipse.equinox.launcher_1.7.100.v20251111-0406.jar -configuration c:\Users\DELL\AppData\Roaming\Antigravity\User\globalStorage\redhat.java\1.54.0\config_win -data c:\Users\DELL\AppData\Roaming\Antigravity\User\workspaceStorage\ef3b6c5f962f6b7ba8e6f6356c8f0770\redhat.java\jdt_ws --pipe=\\.\pipe\lsp-07964ed404292f6892594097e2815d88-sock

Host: 11th Gen Intel(R) Core(TM) i5-11320H @ 3.20GHz, 8 cores, 15G,  Windows 11 , 64 bit Build 22000 (10.0.22000.2538)
Time: Mon May  4 17:38:22 2026 India Standard Time elapsed time: 8.875296 seconds (0d 0h 0m 8s)

---------------  T H R E A D  ---------------

Current thread (0x000001e6ed8240f0):  JavaThread "Start Level: Equinox Container: 8ec438be-7069-4320-b04a-e278e317ac7b" daemon [_thread_in_vm, id=24352, stack(0x000000521c300000,0x000000521c400000) (1024K)]

Stack: [0x000000521c300000,0x000000521c400000]
Native frames: (J=compiled Java code, j=interpreted, Vv=VM code, C=native code)
V  [jvm.dll+0x6d7a39]
V  [jvm.dll+0x8b4b26]
V  [jvm.dll+0x8b70de]
V  [jvm.dll+0x8b77c3]
V  [jvm.dll+0x284346]
V  [jvm.dll+0x8b086e]
V  [jvm.dll+0x679444]
V  [jvm.dll+0x6794aa]
V  [jvm.dll+0x67bca6]
V  [jvm.dll+0x67bb72]
V  [jvm.dll+0x679e1e]
V  [jvm.dll+0x26f614]
V  [jvm.dll+0x219f3f]
V  [jvm.dll+0x20f62e]
V  [jvm.dll+0x5b644f]
V  [jvm.dll+0x22168e]
V  [jvm.dll+0x82e12d]
V  [jvm.dll+0x82f15b]
V  [jvm.dll+0x82f724]
V  [jvm.dll+0x47fc3b]
C  [java.dll+0x1a2d]

Java frames: (J=compiled Java code, j=interpreted, Vv=VM code)
J 919  java.lang.ClassLoader.findBootstrapClass(Ljava/lang/String;)Ljava/lang/Class; java.base@21.0.10 (0 bytes) @ 0x000001e6db35832a [0x000001e6db3582c0+0x000000000000006a]
J 1112 c1 jdk.internal.loader.ClassLoaders$BootClassLoader.loadClassOrNull(Ljava/lang/String;Z)Ljava/lang/Class; java.base@21.0.10 (10 bytes) @ 0x000001e6d39e77dc [0x000001e6d39e7660+0x000000000000017c]
J 1086 c1 jdk.internal.loader.BuiltinClassLoader.loadClassOrNull(Ljava/lang/String;Z)Ljava/lang/Class; java.base@21.0.10 (143 bytes) @ 0x000001e6d39db2a4 [0x000001e6d39dac60+0x0000000000000644]
J 1090 c1 jdk.internal.loader.BuiltinClassLoader.loadClass(Ljava/lang/String;Z)Ljava/lang/Class; java.base@21.0.10 (22 bytes) @ 0x000001e6d39dd5f4 [0x000001e6d39dd4e0+0x0000000000000114]
J 2431 c1 org.eclipse.osgi.internal.loader.BundleLoader.findClass0(Ljava/lang/String;ZZ)Ljava/lang/Class; (490 bytes) @ 0x000001e6d3cb86ac [0x000001e6d3cb4a40+0x0000000000003c6c]
J 2430 c1 org.eclipse.osgi.internal.loader.BundleLoader.findClass(Ljava/lang/String;)Ljava/lang/Class; (8 bytes) @ 0x000001e6d3cb404c [0x000001e6d3cb3fc0+0x000000000000008c]
J 2432 c1 org.eclipse.osgi.internal.loader.ModuleClassLoader.loadClass(Ljava/lang/String;Z)Ljava/lang/Class; (36 bytes) @ 0x000001e6d3cbb1cc [0x000001e6d3cbafa0+0x000000000000022c]
J 3930 c2 java.lang.ClassLoader.loadClass(Ljava/lang/String;)Ljava/lang/Class; java.base@21.0.10 (7 bytes) @ 0x000001e6db4b96ec [0x000001e6db4b96a0+0x000000000000004c]
v  ~StubRoutines::call_stub 0x000001e6dad610e7
j  java.lang.Class.getDeclaredConstructors0(Z)[Ljava/lang/reflect/Constructor;+0 java.base@21.0.10
j  java.lang.Class.privateGetDeclaredConstructors(Z)[Ljava/lang/reflect/Constructor;+52 java.base@21.0.10
j  java.lang.Class.getConstructor0([Ljava/lang/Class;I)Ljava/lang/reflect/Constructor;+14 java.base@21.0.10
j  java.lang.Class.getConstructor([Ljava/lang/Class;)Ljava/lang/reflect/Constructor;+24 java.base@21.0.10
j  org.eclipse.osgi.internal.framework.BundleContextImpl.loadBundleActivator()Lorg/osgi/framework/BundleActivator;+105
j  org.eclipse.osgi.internal.framework.BundleContextImpl.start()V+18
j  org.eclipse.osgi.internal.framework.EquinoxBundle.startWorker0()V+35
j  org.eclipse.osgi.internal.framework.EquinoxBundle$EquinoxModule.startWorker()V+4
j  org.eclipse.osgi.container.Module.doStart([Lorg/eclipse/osgi/container/Module$StartOptions;)Lorg/eclipse/osgi/container/ModuleContainerAdaptor$ModuleEvent;+200
j  org.eclipse.osgi.container.Module.start([Lorg/eclipse/osgi/container/Module$StartOptions;)V+460
j  org.eclipse.osgi.container.ModuleContainer$ContainerStartLevel$2.run()V+83
j  org.eclipse.osgi.internal.framework.EquinoxContainerAdaptor$1$1.execute(Ljava/lang/Runnable;)V+1
j  org.eclipse.osgi.container.ModuleContainer$ContainerStartLevel.incStartLevel(ILjava/util/List;Z)V+193
j  org.eclipse.osgi.container.ModuleContainer$ContainerStartLevel.incStartLevel(ILjava/util/List;Ljava/util/List;Ljava/util/List;Ljava/util/List;)V+19
j  org.eclipse.osgi.container.ModuleContainer$ContainerStartLevel.doContainerStartLevel(Lorg/eclipse/osgi/container/Module;I[Lorg/osgi/framework/FrameworkListener;)V+358
j  org.eclipse.osgi.container.ModuleContainer$ContainerStartLevel.dispatchEvent(Lorg/eclipse/osgi/container/Module;[Lorg/osgi/framework/FrameworkListener;ILjava/lang/Integer;)V+32
j  org.eclipse.osgi.container.ModuleContainer$ContainerStartLevel.dispatchEvent(Ljava/lang/Object;Ljava/lang/Object;ILjava/lang/Object;)V+15
j  org.eclipse.osgi.framework.eventmgr.EventManager.dispatchEvent(Ljava/util/Set;Lorg/eclipse/osgi/framework/eventmgr/EventDispatcher;ILjava/lang/Object;)V+48
j  org.eclipse.osgi.framework.eventmgr.EventManager$EventThread.run()V+26
v  ~StubRoutines::call_stub 0x000001e6dad610e7

Compiled method (n/a) 8928  919     n 0       java.lang.ClassLoader::findBootstrapClass (native)
 total in heap  [0x000001e6db358110,0x000001e6db358530] = 1056
 relocation     [0x000001e6db358270,0x000001e6db3582a8] = 56
 main code      [0x000001e6db3582c0,0x000001e6db35852b] = 619
 stub code      [0x000001e6db35852b,0x000001e6db358530] = 5

[Constant Pool (empty)]

[MachCode]
[Entry Point]
  # {method} {0x000001e680434dd8} 'findBootstrapClass' '(Ljava/lang/String;)Ljava/lang/Class;' in 'java/lang/ClassLoader'
  # parm0:    rdx:rdx   = 'java/lang/String'
  #           [sp+0x70]  (sp of caller)
  0x000001e6db3582c0: 448b 5208 | 49bb 0000 | 0080 e601 | 0000 4d03 | d349 3bc2 | 0f84 0600 

  0x000001e6db3582d8: ;   {runtime_call ic_miss_stub}
  0x000001e6db3582d8: 0000 e9a1 | 63a5 ff90 
[Verified Entry Point]
  0x000001e6db3582e0: 8984 2400 | 80ff ff55 | 488b ec48 | 83ec 6090 | 4181 7f20 | 0200 0000 

  0x000001e6db3582f8: ;   {runtime_call StubRoutines (final stubs)}
  0x000001e6db3582f8: 7405 e801 | 55a4 ff48 | 8954 2420 | 4883 fa00 | 4c8d 4424 | 204c 0f44 

  0x000001e6db358310: ;   {oop(a 'java/lang/Class'{0x0000000080778d48} = 'java/lang/ClassLoader')}
  0x000001e6db358310: 4424 2049 | be48 8d77 | 8000 0000 | 004c 8974 | 2450 4c8d | 7424 5049 | 8bd6 c5f8 

  0x000001e6db35832c: ;   {internal_word}
  0x000001e6db35832c: 7749 ba2a | 8335 dbe6 | 0100 004d | 8997 a803 | 0000 4989 | a7a0 0300 

  0x000001e6db358344: ;   {external_word}
  0x000001e6db358344: 0049 bac6 | 5c28 5cfd | 7f00 0041 | 803a 000f | 844a 0000 | 0052 4150 

  0x000001e6db35835c: ;   {metadata({method} {0x000001e680434dd8} 'findBootstrapClass' '(Ljava/lang/String;)Ljava/lang/Class;' in 'java/lang/ClassLoader')}
  0x000001e6db35835c: 48ba d04d | 4380 e601 | 0000 498b | cf48 83ec | 2040 f6c4 | 0f0f 8419 | 0000 0048 

  0x000001e6db358378: ;   {runtime_call}
  0x000001e6db358378: 83ec 0848 | b850 e1d1 | 5bfd 7f00 | 00ff d048 | 83c4 08e9 | 0c00 0000 

  0x000001e6db358390: ;   {runtime_call}
  0x000001e6db358390: 48b8 50e1 | d15b fd7f | 0000 ffd0 | 4883 c420 | 4158 5a49 | 8d8f c003 | 0000 41c7 | 874c 0400 
  0x000001e6db3583b0: 0004 0000 

  0x000001e6db3583b4: ;   {runtime_call}
  0x000001e6db3583b4: 0048 b8c0 | 1990 e2fd | 7f00 00ff | d0c5 f877 | 41c7 874c | 0400 0005 | 0000 00f0 | 8344 24c0 
  0x000001e6db3583d4: 0049 3baf | 5004 0000 | 0f87 0e00 | 0000 4183 | bf48 0400 | 0000 0f84 | 2b00 0000 | c5f8 7748 
  0x000001e6db3583f4: 8945 f849 | 8bcf 4c8b | e448 83ec | 2048 83e4 

  0x000001e6db358404: ;   {runtime_call}
  0x000001e6db358404: f048 b8d0 | 529d 5bfd | 7f00 00ff | d049 8be4 | 4d33 e448 | 8b45 f841 | c787 4c04 | 0000 0800 
  0x000001e6db358424: 0000 4183 | bfc8 0400 | 0002 0f84 | ca00 0000 

  0x000001e6db358434: ;   {external_word}
  0x000001e6db358434: 49ba c65c | 285c fd7f | 0000 4180 | 3a00 0f84 | 4c00 0000 | 4889 45f8 

  0x000001e6db35844c: ;   {metadata({method} {0x000001e680434dd8} 'findBootstrapClass' '(Ljava/lang/String;)Ljava/lang/Class;' in 'java/lang/ClassLoader')}
  0x000001e6db35844c: 48ba d04d | 4380 e601 | 0000 498b | cf48 83ec | 2040 f6c4 | 0f0f 8419 | 0000 0048 

  0x000001e6db358468: ;   {runtime_call}
  0x000001e6db358468: 83ec 0848 | b850 e1d1 | 5bfd 7f00 | 00ff d048 | 83c4 08e9 | 0c00 0000 

  0x000001e6db358480: ;   {runtime_call}
  0x000001e6db358480: 48b8 50e1 | d15b fd7f | 0000 ffd0 | 4883 c420 | 488b 45f8 | 49c7 87a0 | 0300 0000 | 0000 0049 
  0x000001e6db3584a0: c787 a803 | 0000 0000 | 0000 c5f8 | 7748 85c0 | 0f84 2500 | 0000 a803 | 0f85 0800 | 0000 488b 
  0x000001e6db3584c0: 00e9 1500 | 0000 a801 | 0f85 0900 | 0000 488b | 40fe e904 | 0000 0048 | 8b40 ff49 | 8b8f 3004 
  0x000001e6db3584e0: 0000 c781 | 0001 0000 | 0000 0000 | c949 837f | 0800 0f85 | 0100 0000 

  0x000001e6db3584f8: ;   {runtime_call StubRoutines (initial stubs)}
  0x000001e6db3584f8: c3e9 028a | a0ff c5f8 | 7748 8945 | f84c 8be4 | 4883 ec20 | 4883 e4f0 

  0x000001e6db358510: ;   {runtime_call}
  0x000001e6db358510: 48b8 a018 | d25b fd7f | 0000 ffd0 | 498b e44d | 33e4 488b | 45f8 e909 | ffff fff4 | f4f4 f4f4 
[/MachCode]


Compiled method (c1) 8950 1112       3       jdk.internal.loader.ClassLoaders$BootClassLoader::loadClassOrNull (10 bytes)
 total in heap  [0x000001e6d39e7490,0x000001e6d39e79e8] = 1368
 relocation     [0x000001e6d39e75f0,0x000001e6d39e7658] = 104
 main code      [0x000001e6d39e7660,0x000001e6d39e78a0] = 576
 stub code      [0x000001e6d39e78a0,0x000001e6d39e78f0] = 80
 metadata       [0x000001e6d39e78f0,0x000001e6d39e7910] = 32
 scopes data    [0x000001e6d39e7910,0x000001e6d39e7968] = 88
 scopes pcs     [0x000001e6d39e7968,0x000001e6d39e79d8] = 112
 dependencies   [0x000001e6d39e79d8,0x000001e6d39e79e8] = 16

[Constant Pool (empty)]

[MachCode]
[Entry Point]
  # {method} {0x000001e680174ed0} 'loadClassOrNull' '(Ljava/lang/String;Z)Ljava/lang/Class;' in 'jdk/internal/loader/ClassLoaders$BootClassLoader'
  # this:     rdx:rdx   = 'jdk/internal/loader/ClassLoaders$BootClassLoader'
  # parm0:    r8:r8     = 'java/lang/String'
  # parm1:    r9        = boolean
  #           [sp+0x60]  (sp of caller)
  0x000001e6d39e7660: 448b 5208 | 49bb 0000 | 0080 e601 | 0000 4d03 | d34c 3bd0 

  0x000001e6d39e7674: ;   {runtime_call ic_miss_stub}
  0x000001e6d39e7674: 0f85 0670 | 3c07 660f | 1f44 0000 
[Verified Entry Point]
  0x000001e6d39e7680: 8984 2400 | 80ff ff55 | 4883 ec50 | 4181 7f20 | 0200 0000 

  0x000001e6d39e7694: ;   {runtime_call StubRoutines (final stubs)}
  0x000001e6d39e7694: 7405 e865 

  0x000001e6d39e7698: ;   {metadata(method data for {method} {0x000001e680174ed0} 'loadClassOrNull' '(Ljava/lang/String;Z)Ljava/lang/Class;' in 'jdk/internal/loader/ClassLoaders$BootClassLoader')}
  0x000001e6d39e7698: 613b 0748 | bee8 9b30 | e9e6 0100 | 008b becc | 0000 0083 | c702 89be | cc00 0000 | 81e7 fe07 
  0x000001e6d39e76b8: 0000 85ff | 0f84 3b01 

  0x000001e6d39e76c0: ;   {oop(a 'java/lang/System$2'{0x0000000080001f18})}
  0x000001e6d39e76c0: 0000 48ba | 181f 0080 | 0000 0000 

  0x000001e6d39e76cc: ;   {metadata(method data for {method} {0x000001e680174ed0} 'loadClassOrNull' '(Ljava/lang/String;Z)Ljava/lang/Class;' in 'jdk/internal/loader/ClassLoaders$BootClassLoader')}
  0x000001e6d39e76cc: 48be e89b | 30e9 e601 

  0x000001e6d39e76d4: ;   {metadata('java/lang/System$2')}
  0x000001e6d39e76d4: 0000 49ba | 6082 0180 | e601 0000 | 4c89 9620 | 0100 0048 | 8386 2801 

  0x000001e6d39e76ec: ;   {metadata(method data for {method} {0x000001e680019530} 'findBootstrapClassOrNull' '(Ljava/lang/String;)Ljava/lang/Class;' in 'java/lang/System$2')}
  0x000001e6d39e76ec: 0000 0148 | bae0 6a30 | e9e6 0100 | 008b b2cc | 0000 0083 | c602 89b2 | cc00 0000 | 81e6 feff 
  0x000001e6d39e770c: 1f00 85f6 | 0f84 0801 

  0x000001e6d39e7714: ;   {metadata(method data for {method} {0x000001e680019530} 'findBootstrapClassOrNull' '(Ljava/lang/String;)Ljava/lang/Class;' in 'java/lang/System$2')}
  0x000001e6d39e7714: 0000 48ba | e06a 30e9 | e601 0000 | 4883 8210 | 0100 0001 

  0x000001e6d39e7728: ;   {metadata(method data for {method} {0x000001e680435388} 'findBootstrapClassOrNull' '(Ljava/lang/String;)Ljava/lang/Class;' in 'java/lang/ClassLoader')}
  0x000001e6d39e7728: 48ba 486c | 30e9 e601 | 0000 8bb2 | cc00 0000 | 83c6 0289 | b2cc 0000 | 0081 e6fe | ff1f 0085 
  0x000001e6d39e7748: f60f 84f0 

  0x000001e6d39e774c: ;   {metadata(method data for {method} {0x000001e680435388} 'findBootstrapClassOrNull' '(Ljava/lang/String;)Ljava/lang/Class;' in 'java/lang/ClassLoader')}
  0x000001e6d39e774c: 0000 0048 | ba48 6c30 | e9e6 0100 | 0048 8382 | 1001 0000 | 0149 8bd0 | 4c89 4424 | 3866 0f1f 
  0x000001e6d39e776c: ;   {static_call}
  0x000001e6d39e776c: 4400 00e8 

  0x000001e6d39e7770: ; ImmutableOopMap {[56]=Oop }
                      ;*invokestatic checkName {reexecute=0 rethrow=0 return_oop=0}
                      ; - java.lang.ClassLoader::findBootstrapClassOrNull@1
                      ; - java.lang.System$2::findBootstrapClassOrNull@1
                      ; - jdk.internal.loader.ClassLoaders$BootClassLoader::loadClassOrNull@4
  0x000001e6d39e7770: 6c74 a507 

  0x000001e6d39e7774: ;   {other}
  0x000001e6d39e7774: 0f1f 8400 | e402 0000 

  0x000001e6d39e777c: ;   {metadata(method data for {method} {0x000001e680435388} 'findBootstrapClassOrNull' '(Ljava/lang/String;)Ljava/lang/Class;' in 'java/lang/ClassLoader')}
  0x000001e6d39e777c: 85c0 48ba | 486c 30e9 | e601 0000 | 48c7 c620 | 0100 0075 | 0748 c7c6 | 3001 0000 | 488b 3c32 
  0x000001e6d39e779c: 488d 7f01 | 4889 3c32 | 0f85 0f00 

  0x000001e6d39e77a8: ;   {oop(nullptr)}
  0x000001e6d39e77a8: 0000 48be | 0000 0000 | 0000 0000 | e92e 0000 | 004c 8b44 

  0x000001e6d39e77bc: ;   {metadata(method data for {method} {0x000001e680435388} 'findBootstrapClassOrNull' '(Ljava/lang/String;)Ljava/lang/Class;' in 'java/lang/ClassLoader')}
  0x000001e6d39e77bc: 2438 48ba | 486c 30e9 | e601 0000 | 4883 8240 | 0100 0001 | 498b d00f 

  0x000001e6d39e77d4: ;   {static_call}
  0x000001e6d39e77d4: 1f40 00e8 

  0x000001e6d39e77d8: ; ImmutableOopMap {}
                      ;*invokestatic findBootstrapClass {reexecute=0 rethrow=0 return_oop=0}
                      ; - java.lang.ClassLoader::findBootstrapClassOrNull@10
                      ; - java.lang.System$2::findBootstrapClassOrNull@1
                      ; - jdk.internal.loader.ClassLoaders$BootClassLoader::loadClassOrNull@4
  0x000001e6d39e77d8: 040b 9707 

  0x000001e6d39e77dc: ;   {other}
  0x000001e6d39e77dc: 0f1f 8400 | 4c03 0001 | 488b f048 | 8bc6 4883 

  0x000001e6d39e77ec: ;   {poll_return}
  0x000001e6d39e77ec: c450 5d49 | 3ba7 5004 | 0000 0f87 | 6400 0000 

  0x000001e6d39e77fc: ;   {metadata({method} {0x000001e680174ed0} 'loadClassOrNull' '(Ljava/lang/String;Z)Ljava/lang/Class;' in 'jdk/internal/loader/ClassLoaders$BootClassLoader')}
  0x000001e6d39e77fc: c349 bac8 | 4e17 80e6 | 0100 004c | 8954 2408 | 48c7 0424 | ffff ffff 

  0x000001e6d39e7814: ;   {runtime_call counter_overflow Runtime1 stub}
  0x000001e6d39e7814: e867 d147 

  0x000001e6d39e7818: ; ImmutableOopMap {rdx=Oop r8=Oop }
                      ;*synchronization entry
                      ; - jdk.internal.loader.ClassLoaders$BootClassLoader::loadClassOrNull@-1
  0x000001e6d39e7818: 07e9 a4fe 

  0x000001e6d39e781c: ;   {metadata({method} {0x000001e680019530} 'findBootstrapClassOrNull' '(Ljava/lang/String;)Ljava/lang/Class;' in 'java/lang/System$2')}
  0x000001e6d39e781c: ffff 49ba | 2895 0180 | e601 0000 | 4c89 5424 | 0848 c704 | 24ff ffff 

  0x000001e6d39e7834: ;   {runtime_call counter_overflow Runtime1 stub}
  0x000001e6d39e7834: ffe8 46d1 

  0x000001e6d39e7838: ; ImmutableOopMap {r8=Oop }
                      ;*synchronization entry
                      ; - java.lang.System$2::findBootstrapClassOrNull@-1
                      ; - jdk.internal.loader.ClassLoaders$BootClassLoader::loadClassOrNull@4
  0x000001e6d39e7838: 4707 e9d7 

  0x000001e6d39e783c: ;   {metadata({method} {0x000001e680435388} 'findBootstrapClassOrNull' '(Ljava/lang/String;)Ljava/lang/Class;' in 'java/lang/ClassLoader')}
  0x000001e6d39e783c: feff ff49 | ba80 5343 | 80e6 0100 | 004c 8954 | 2408 48c7 | 0424 ffff 

  0x000001e6d39e7854: ;   {runtime_call counter_overflow Runtime1 stub}
  0x000001e6d39e7854: ffff e825 

  0x000001e6d39e7858: ; ImmutableOopMap {r8=Oop }
                      ;*synchronization entry
                      ; - java.lang.ClassLoader::findBootstrapClassOrNull@-1
                      ; - java.lang.System$2::findBootstrapClassOrNull@1
                      ; - jdk.internal.loader.ClassLoaders$BootClassLoader::loadClassOrNull@4
  0x000001e6d39e7858: d147 07e9 | effe ffff 

  0x000001e6d39e7860: ;   {internal_word}
  0x000001e6d39e7860: 49ba ef77 | 9ed3 e601 | 0000 4d89 | 9768 0400 

  0x000001e6d39e7870: ;   {runtime_call SafepointBlob}
  0x000001e6d39e7870: 00e9 0ae3 | 3c07 498b | 8700 0500 | 0049 c787 | 0005 0000 | 0000 0000 | 49c7 8708 | 0500 0000 
  0x000001e6d39e7890: 0000 0048 | 83c4 505d 

  0x000001e6d39e7898: ;   {runtime_call unwind_exception Runtime1 stub}
  0x000001e6d39e7898: e963 5f47 | 07f4 f4f4 
[Stub Code]
  0x000001e6d39e78a0: ;   {no_reloc}
  0x000001e6d39e78a0: 48bb 0000 | 0000 0000 

  0x000001e6d39e78a8: ;   {runtime_call nmethod}
  0x000001e6d39e78a8: 0000 e9fb 

  0x000001e6d39e78ac: ;   {static_stub}
  0x000001e6d39e78ac: ffff ff48 | bb00 0000 | 0000 0000 

  0x000001e6d39e78b8: ;   {runtime_call nmethod}
  0x000001e6d39e78b8: 00e9 fbff 

  0x000001e6d39e78bc: ;   {runtime_call handle_exception_from_callee Runtime1 stub}
  0x000001e6d39e78bc: ffff e83d 

  0x000001e6d39e78c0: ;   {external_word}
  0x000001e6d39e78c0: 9447 0748 | b940 53fe | 5bfd 7f00 | 0048 83e4 

  0x000001e6d39e78d0: ;   {runtime_call}
  0x000001e6d39e78d0: f048 b8b0 | c3c0 5bfd | 7f00 00ff 

  0x000001e6d39e78dc: ;   {section_word}
  0x000001e6d39e78dc: d0f4 49ba | de78 9ed3 | e601 0000 

  0x000001e6d39e78e8: ;   {runtime_call DeoptimizationBlob}
  0x000001e6d39e78e8: 4152 e931 | f73c 07f4 
[/MachCode]


Compiled method (c1) 8975 1086   !   3       jdk.internal.loader.BuiltinClassLoader::loadClassOrNull (143 bytes)
 total in heap  [0x000001e6d39da990,0x000001e6d39dc188] = 6136
 relocation     [0x000001e6d39daaf0,0x000001e6d39dac58] = 360
 main code      [0x000001e6d39dac60,0x000001e6d39dbac0] = 3680
 stub code      [0x000001e6d39dbac0,0x000001e6d39dbb80] = 192
 metadata       [0x000001e6d39dbb80,0x000001e6d39dbbe8] = 104
 scopes data    [0x000001e6d39dbbe8,0x000001e6d39dbe10] = 552
 scopes pcs     [0x000001e6d39dbe10,0x000001e6d39dbff0] = 480
 dependencies   [0x000001e6d39dbff0,0x000001e6d39dc010] = 32
 handler table  [0x000001e6d39dc010,0x000001e6d39dc160] = 336
 nul chk table  [0x000001e6d39dc160,0x000001e6d39dc188] = 40

[Constant Pool (empty)]

[MachCode]
[Entry Point]
  # {method} {0x000001e6800670b0} 'loadClassOrNull' '(Ljava/lang/String;Z)Ljava/lang/Class;' in 'jdk/internal/loader/BuiltinClassLoader'
  # this:     rdx:rdx   = 'jdk/internal/loader/BuiltinClassLoader'
  # parm0:    r8:r8     = 'java/lang/String'
  # parm1:    r9        = boolean
  #           [sp+0xd0]  (sp of caller)
  0x000001e6d39dac60: 448b 5208 | 49bb 0000 | 0080 e601 | 0000 4d03 | d34c 3bd0 

  0x000001e6d39dac74: ;   {runtime_call ic_miss_stub}
  0x000001e6d39dac74: 0f85 063a | 3d07 660f | 1f44 0000 
[Verified Entry Point]
  0x000001e6d39dac80: 8984 2400 | 80ff ff55 | 4881 ecc0 | 0000 0090 | 4181 7f20 | 0200 0000 

  0x000001e6d39dac98: ;   {runtime_call StubRoutines (final stubs)}
  0x000001e6d39dac98: 7405 e861 | 2b3c 0748 | 8954 2468 

  0x000001e6d39daca4: ;   {metadata(method data for {method} {0x000001e6800670b0} 'loadClassOrNull' '(Ljava/lang/String;Z)Ljava/lang/Class;' in 'jdk/internal/loader/BuiltinClassLoader')}
  0x000001e6d39daca4: 48be a0ae | 2fe9 e601 | 0000 8bbe | cc00 0000 | 83c7 0289 | becc 0000 | 0081 e7fe | 0700 0085 
  0x000001e6d39dacc4: ff0f 84d1 | 0b00 0044 | 894c 2478 

  0x000001e6d39dacd0: ;   {metadata(method data for {method} {0x000001e6800670b0} 'loadClassOrNull' '(Ljava/lang/String;Z)Ljava/lang/Class;' in 'jdk/internal/loader/BuiltinClassLoader')}
  0x000001e6d39dacd0: 488b f248 | bfa0 ae2f | e9e6 0100 | 008b 7608 | 49ba 0000 | 0080 e601 | 0000 4903 | f248 3bb7 
  0x000001e6d39dacf0: 2001 0000 | 750d 4883 | 8728 0100 | 0001 e960 | 0000 0048 | 3bb7 3001 | 0000 750d | 4883 8738 
  0x000001e6d39dad10: 0100 0001 | e94a 0000 | 0048 83bf | 2001 0000 | 0075 1748 | 89b7 2001 | 0000 48c7 | 8728 0100 
  0x000001e6d39dad30: 0001 0000 | 00e9 2900 | 0000 4883 | bf30 0100 | 0000 7517 | 4889 b730 | 0100 0048 | c787 3801 
  0x000001e6d39dad50: 0000 0100 | 0000 e908 | 0000 0048 | 8387 1001 | 0000 0149 | 8bf0 4c8b | c648 8bfa | 488b d748 
  0x000001e6d39dad70: 8974 2470 

  0x000001e6d39dad74: ;   {optimized virtual_call}
  0x000001e6d39dad74: 6666 90e8 

  0x000001e6d39dad78: ; ImmutableOopMap {[104]=Oop [112]=Oop }
                      ;*invokevirtual getClassLoadingLock {reexecute=0 rethrow=0 return_oop=0}
                      ; - jdk.internal.loader.BuiltinClassLoader::loadClassOrNull@2
  0x000001e6d39dad78: 490d 0000 

  0x000001e6d39dad7c: ;   {other}
  0x000001e6d39dad7c: 0f1f 8400 | ec03 0000 | 4889 8424 | 8000 0000 | 488d 9424 | a000 0000 | 488b f048 | 8972 0848 
  0x000001e6d39dad9c: 8b06 4883 | c801 4889 | 02f0 480f | b116 0f84 | 1200 0000 | 482b c448 | 2507 f0ff | ff48 8902 
  0x000001e6d39dadbc: 0f85 000b | 0000 49ff | 8750 0500 | 0048 8b54 

  0x000001e6d39dadcc: ;   {metadata(method data for {method} {0x000001e6800670b0} 'loadClassOrNull' '(Ljava/lang/String;Z)Ljava/lang/Class;' in 'jdk/internal/loader/BuiltinClassLoader')}
  0x000001e6d39dadcc: 2468 48be | a0ae 2fe9 | e601 0000 | 4883 8648 | 0100 0001 

  0x000001e6d39dade0: ;   {metadata(method data for {method} {0x000001e6804353e0} 'findLoadedClass' '(Ljava/lang/String;)Ljava/lang/Class;' in 'java/lang/ClassLoader')}
  0x000001e6d39dade0: 48ba c0a7 | 23e9 e601 | 0000 8bb2 | cc00 0000 | 83c6 0289 | b2cc 0000 | 0081 e6fe | ff1f 0085 
  0x000001e6d39dae00: f60f 84ce 

  0x000001e6d39dae04: ;   {metadata(method data for {method} {0x000001e6804353e0} 'findLoadedClass' '(Ljava/lang/String;)Ljava/lang/Class;' in 'java/lang/ClassLoader')}
  0x000001e6d39dae04: 0a00 0048 | bac0 a723 | e9e6 0100 | 0048 8382 | 1001 0000 | 0148 8b54 

  0x000001e6d39dae1c: ;   {static_call}
  0x000001e6d39dae1c: 2470 90e8 

  0x000001e6d39dae20: ; ImmutableOopMap {[104]=Oop [112]=Oop [128]=Oop [168]=Oop }
                      ;*invokestatic checkName {reexecute=0 rethrow=0 return_oop=0}
                      ; - java.lang.ClassLoader::findLoadedClass@1
                      ; - jdk.internal.loader.BuiltinClassLoader::loadClassOrNull@10
  0x000001e6d39dae20: bc3d a607 

  0x000001e6d39dae24: ;   {other}
  0x000001e6d39dae24: 0f1f 8400 | 9404 0001 

  0x000001e6d39dae2c: ;   {metadata(method data for {method} {0x000001e6804353e0} 'findLoadedClass' '(Ljava/lang/String;)Ljava/lang/Class;' in 'java/lang/ClassLoader')}
  0x000001e6d39dae2c: 85c0 49b8 | c0a7 23e9 | e601 0000 | 48c7 c220 | 0100 0075 | 0748 c7c2 | 3001 0000 | 498b 3410 
  0x000001e6d39dae4c: 488d 7601 | 4989 3410 | 0f85 0f00 

  0x000001e6d39dae58: ;   {oop(nullptr)}
  0x000001e6d39dae58: 0000 48be | 0000 0000 | 0000 0000 | e936 0000 | 0048 8b54 

  0x000001e6d39dae6c: ;   {metadata(method data for {method} {0x000001e6804353e0} 'findLoadedClass' '(Ljava/lang/String;)Ljava/lang/Class;' in 'java/lang/ClassLoader')}
  0x000001e6d39dae6c: 2468 49b8 | c0a7 23e9 | e601 0000 | 4983 8040 | 0100 0001 | 4c8b 4424 | 7048 8b54 | 2468 0f1f 
  0x000001e6d39dae8c: ;   {optimized virtual_call}
  0x000001e6d39dae8c: 4400 00e8 

  0x000001e6d39dae90: ; ImmutableOopMap {[104]=Oop [112]=Oop [128]=Oop [168]=Oop }
                      ;*invokevirtual findLoadedClass0 {reexecute=0 rethrow=0 return_oop=0}
                      ; - java.lang.ClassLoader::findLoadedClass@11
                      ; - jdk.internal.loader.BuiltinClassLoader::loadClassOrNull@10
  0x000001e6d39dae90: 2c8a 9407 

  0x000001e6d39dae94: ;   {other}
  0x000001e6d39dae94: 0f1f 8400 | 0405 0002 | 488b f048 

  0x000001e6d39daea0: ;   {metadata(method data for {method} {0x000001e6800670b0} 'loadClassOrNull' '(Ljava/lang/String;Z)Ljava/lang/Class;' in 'jdk/internal/loader/BuiltinClassLoader')}
  0x000001e6d39daea0: 85f6 49b8 | a0ae 2fe9 | e601 0000 | 48c7 c280 | 0100 0075 | 0748 c7c2 | 9001 0000 | 498b 3c10 
  0x000001e6d39daec0: 488d 7f01 | 4989 3c10 | 0f85 b907 | 0000 4889 | b424 8800 | 0000 488b 

  0x000001e6d39daed8: ;   {metadata(method data for {method} {0x000001e6800670b0} 'loadClassOrNull' '(Ljava/lang/String;Z)Ljava/lang/Class;' in 'jdk/internal/loader/BuiltinClassLoader')}
  0x000001e6d39daed8: 5424 6849 | b8a0 ae2f | e9e6 0100 | 0049 8380 | a001 0000 | 014c 8b44 | 2470 488b 

  0x000001e6d39daef4: ;   {optimized virtual_call}
  0x000001e6d39daef4: 5424 68e8 

  0x000001e6d39daef8: ; ImmutableOopMap {[104]=Oop [112]=Oop [128]=Oop [136]=Oop [168]=Oop }
                      ;*invokevirtual findLoadedModule {reexecute=0 rethrow=0 return_oop=0}
                      ; - jdk.internal.loader.BuiltinClassLoader::loadClassOrNull@22
  0x000001e6d39daef8: e46f 6300 

  0x000001e6d39daefc: ;   {other}
  0x000001e6d39daefc: 0f1f 8400 | 6c05 0003 

  0x000001e6d39daf04: ;   {metadata(method data for {method} {0x000001e6800670b0} 'loadClassOrNull' '(Ljava/lang/String;Z)Ljava/lang/Class;' in 'jdk/internal/loader/BuiltinClassLoader')}
  0x000001e6d39daf04: 4885 c049 | b8a0 ae2f | e9e6 0100 | 0049 c7c1 | d801 0000 | 7407 49c7 | c1e8 0100 | 004b 8b14 
  0x000001e6d39daf24: 0848 8d52 | 014b 8914 | 0848 8b54 | 2468 0f84 | 8d03 0000 

  0x000001e6d39daf38: ; implicit exception: dispatches to 0x000001e6d39db8f6
  0x000001e6d39daf38: 483b 004c 

  0x000001e6d39daf3c: ;   {metadata(method data for {method} {0x000001e6800670b0} 'loadClassOrNull' '(Ljava/lang/String;Z)Ljava/lang/Class;' in 'jdk/internal/loader/BuiltinClassLoader')}
  0x000001e6d39daf3c: 8bc0 49b9 | a0ae 2fe9 | e601 0000 

  0x000001e6d39daf48: ;   {metadata('jdk/internal/loader/BuiltinClassLoader$LoadedModule')}
  0x000001e6d39daf48: 49ba 20dd | 1680 e601 | 0000 4d89 | 9108 0200 | 0049 8381 | 1002 0000 | 018b 700c 

  0x000001e6d39daf64: ;   {metadata(method data for {method} {0x000001e6800670b0} 'loadClassOrNull' '(Ljava/lang/String;Z)Ljava/lang/Class;' in 'jdk/internal/loader/BuiltinClassLoader')}
  0x000001e6d39daf64: 483b f249 | b8a0 ae2f | e9e6 0100 | 0049 c7c1 | 3002 0000 | 7507 49c7 | c140 0200 | 004b 8b3c 
  0x000001e6d39daf84: 0848 8d7f | 014b 893c | 080f 851a 

  0x000001e6d39daf90: ;   {metadata(method data for {method} {0x000001e6800670b0} 'loadClassOrNull' '(Ljava/lang/String;Z)Ljava/lang/Class;' in 'jdk/internal/loader/BuiltinClassLoader')}
  0x000001e6d39daf90: 0200 0049 | b8a0 ae2f | e9e6 0100 | 0049 8380 | 5002 0000 

  0x000001e6d39dafa4: ;   {metadata(method data for {method} {0x000001e68044f6a8} 'isModuleSystemInited' '()Z' in 'jdk/internal/misc/VM')}
  0x000001e6d39dafa4: 0149 b850 | a525 e9e6 | 0100 0045 | 8b88 cc00 | 0000 4183 | c102 4589 | 88cc 0000 | 0041 81e1 
  0x000001e6d39dafc4: feff 1f00 | 4585 c90f | 842a 0900 

  0x000001e6d39dafd0: ;   {oop(a 'java/lang/Class'{0x0000000080002248} = 'jdk/internal/misc/VM')}
  0x000001e6d39dafd0: 0049 b848 | 2200 8000 | 0000 0045 | 8b80 9400 | 0000 4183 

  0x000001e6d39dafe4: ;   {metadata(method data for {method} {0x000001e68044f6a8} 'isModuleSystemInited' '()Z' in 'jdk/internal/misc/VM')}
  0x000001e6d39dafe4: f802 49b8 | 50a5 25e9 | e601 0000 | 49c7 c110 | 0100 007c | 0749 c7c1 | 2001 0000 | 4b8b 3408 
  0x000001e6d39db004: 488d 7601 | 4b89 3408 | 0f8c 1c00 

  0x000001e6d39db010: ;   {metadata(method data for {method} {0x000001e68044f6a8} 'isModuleSystemInited' '()Z' in 'jdk/internal/misc/VM')}
  0x000001e6d39db010: 0000 49b8 | 50a5 25e9 | e601 0000 | 41ff 8030 | 0100 0041 | b801 0000 | 00e9 0600 | 0000 41b8 
  0x000001e6d39db030: 0000 0000 | 4183 e001 

  0x000001e6d39db038: ;   {metadata(method data for {method} {0x000001e6800670b0} 'loadClassOrNull' '(Ljava/lang/String;Z)Ljava/lang/Class;' in 'jdk/internal/loader/BuiltinClassLoader')}
  0x000001e6d39db038: 4585 c049 | b8a0 ae2f | e9e6 0100 | 0049 c7c1 | 7002 0000 | 7507 49c7 | c160 0200 | 004b 8b34 
  0x000001e6d39db058: 0848 8d76 | 014b 8934 | 080f 850d | 0000 0048 | 8bb4 2488 | 0000 00e9 | 3b02 0000 

  0x000001e6d39db074: ;   {metadata(method data for {method} {0x000001e6800670b0} 'loadClassOrNull' '(Ljava/lang/String;Z)Ljava/lang/Class;' in 'jdk/internal/loader/BuiltinClassLoader')}
  0x000001e6d39db074: 4c8b c249 | b9a0 ae2f | e9e6 0100 | 0049 8381 | 8002 0000 

  0x000001e6d39db088: ;   {metadata(method data for {method} {0x000001e680067790} 'findClassInModuleOrNull' '(Ljdk/internal/loader/BuiltinClassLoader$LoadedModule;Ljava/lang/String;)Ljava/lang/Class;' in 'jdk/internal/loader/BuiltinClassLoader')}
  0x000001e6d39db088: 0149 b818 | b62f e9e6 | 0100 0045 | 8b88 cc00 | 0000 4183 | c102 4589 | 88cc 0000 | 0041 81e1 
  0x000001e6d39db0a8: feff 1f00 | 4585 c90f | 8467 0800 

  0x000001e6d39db0b4: ;   {metadata(method data for {method} {0x000001e680067790} 'findClassInModuleOrNull' '(Ljdk/internal/loader/BuiltinClassLoader$LoadedModule;Ljava/lang/String;)Ljava/lang/Class;' in 'jdk/internal/loader/BuiltinClassLoader')}
  0x000001e6d39db0b4: 0049 b818 | b62f e9e6 | 0100 0049 | 8380 1001 

  0x000001e6d39db0c4: ;   {metadata(method data for {method} {0x000001e68001b1d0} 'getSecurityManager' '()Ljava/lang/SecurityManager;' in 'java/lang/System')}
  0x000001e6d39db0c4: 0000 0149 | b8d8 4002 | e9e6 0100 | 0045 8b88 | cc00 0000 | 4183 c102 | 4589 88cc | 0000 0041 
  0x000001e6d39db0e4: 81e1 feff | 1f00 4585 | c90f 844a 

  0x000001e6d39db0f0: ;   {metadata(method data for {method} {0x000001e68001b1d0} 'getSecurityManager' '()Ljava/lang/SecurityManager;' in 'java/lang/System')}
  0x000001e6d39db0f0: 0800 0049 | b8d8 4002 | e9e6 0100 | 0049 8380 | 1001 0000 

  0x000001e6d39db104: ;   {metadata(method data for {method} {0x000001e68001b2e8} 'allowSecurityManager' '()Z' in 'java/lang/System')}
  0x000001e6d39db104: 0149 b850 | 4202 e9e6 | 0100 0045 | 8b88 cc00 | 0000 4183 | c102 4589 | 88cc 0000 | 0041 81e1 
  0x000001e6d39db124: feff 1f00 | 4585 c90f | 842d 0800 

  0x000001e6d39db130: ;   {metadata(method data for {method} {0x000001e68001b2e8} 'allowSecurityManager' '()Z' in 'java/lang/System')}
  0x000001e6d39db130: 0049 b850 | 4202 e9e6 | 0100 0041 | ff80 1001 

  0x000001e6d39db140: ;   {metadata(method data for {method} {0x000001e68001b1d0} 'getSecurityManager' '()Ljava/lang/SecurityManager;' in 'java/lang/System')}
  0x000001e6d39db140: 0000 49b8 | d840 02e9 | e601 0000 | 41ff 8020 

  0x000001e6d39db150: ;   {metadata(method data for {method} {0x000001e680067790} 'findClassInModuleOrNull' '(Ljdk/internal/loader/BuiltinClassLoader$LoadedModule;Ljava/lang/String;)Ljava/lang/Class;' in 'jdk/internal/loader/BuiltinClassLoader')}
  0x000001e6d39db150: 0100 0049 | b818 b62f | e9e6 0100 | 0041 ff80 | 3001 0000 

  0x000001e6d39db164: ;   {metadata(method data for {method} {0x000001e680067790} 'findClassInModuleOrNull' '(Ljdk/internal/loader/BuiltinClassLoader$LoadedModule;Ljava/lang/String;)Ljava/lang/Class;' in 'jdk/internal/loader/BuiltinClassLoader')}
  0x000001e6d39db164: 4c8b c249 | b918 b62f | e9e6 0100 | 0049 8381 | 4001 0000 | 014c 8b44 | 2470 4c8b | c848 8bf2 
  0x000001e6d39db184: ;   {optimized virtual_call}
  0x000001e6d39db184: 488b d6e8 

  0x000001e6d39db188: ; ImmutableOopMap {[104]=Oop [128]=Oop [168]=Oop }
                      ;*invokevirtual defineClass {reexecute=0 rethrow=0 return_oop=0}
                      ; - jdk.internal.loader.BuiltinClassLoader::findClassInModuleOrNull@9
                      ; - jdk.internal.loader.BuiltinClassLoader::loadClassOrNull@55
  0x000001e6d39db188: f439 3d07 

  0x000001e6d39db18c: ;   {other}
  0x000001e6d39db18c: 0f1f 8400 | fc07 0004 

  0x000001e6d39db194: ;   {metadata(method data for {method} {0x000001e6800670b0} 'loadClassOrNull' '(Ljava/lang/String;Z)Ljava/lang/Class;' in 'jdk/internal/loader/BuiltinClassLoader')}
  0x000001e6d39db194: 49b8 a0ae | 2fe9 e601 | 0000 41ff | 80b8 0200 | 0048 8bf0 | e902 0100 | 0048 3b06 

  0x000001e6d39db1b0: ;   {metadata(method data for {method} {0x000001e6800670b0} 'loadClassOrNull' '(Ljava/lang/String;Z)Ljava/lang/Class;' in 'jdk/internal/loader/BuiltinClassLoader')}
  0x000001e6d39db1b0: 4c8b c649 | b9a0 ae2f | e9e6 0100 | 0049 8381 | d002 0000 

  0x000001e6d39db1c4: ;   {metadata(method data for {method} {0x000001e680067840} 'loadClassOrNull' '(Ljava/lang/String;)Ljava/lang/Class;' in 'jdk/internal/loader/BuiltinClassLoader')}
  0x000001e6d39db1c4: 0149 b808 | be2f e9e6 | 0100 0045 | 8b88 cc00 | 0000 4183 | c102 4589 | 88cc 0000 | 0041 81e1 
  0x000001e6d39db1e4: feff 1f00 | 4585 c90f | 8493 0700 | 004c 8bc6 

  0x000001e6d39db1f4: ;   {metadata(method data for {method} {0x000001e680067840} 'loadClassOrNull' '(Ljava/lang/String;)Ljava/lang/Class;' in 'jdk/internal/loader/BuiltinClassLoader')}
  0x000001e6d39db1f4: 49b9 08be | 2fe9 e601 | 0000 458b | 4008 49ba | 0000 0080 | e601 0000 | 4d03 c24d | 3b81 2001 
  0x000001e6d39db214: 0000 750d | 4983 8128 | 0100 0001 | e960 0000 | 004d 3b81 | 3001 0000 | 750d 4983 | 8138 0100 
  0x000001e6d39db234: 0001 e94a | 0000 0049 | 83b9 2001 | 0000 0075 | 174d 8981 | 2001 0000 | 49c7 8128 | 0100 0001 
  0x000001e6d39db254: 0000 00e9 | 2900 0000 | 4983 b930 | 0100 0000 | 7517 4d89 | 8130 0100 | 0049 c781 | 3801 0000 
  0x000001e6d39db274: 0100 0000 | e908 0000 | 0049 8381 | 1001 0000 | 014c 8b44 | 2470 41b9 | 0000 0000 | 488b d666 
  0x000001e6d39db294: 9048 b888 | 4b17 80e6 

  0x000001e6d39db29c: ;   {virtual_call}
  0x000001e6d39db29c: 0100 00e8 

  0x000001e6d39db2a0: ; ImmutableOopMap {[104]=Oop [128]=Oop [168]=Oop }
                      ;*invokevirtual loadClassOrNull {reexecute=0 rethrow=0 return_oop=0}
                      ; - jdk.internal.loader.BuiltinClassLoader::loadClassOrNull@3
                      ; - jdk.internal.loader.BuiltinClassLoader::loadClassOrNull@66
  0x000001e6d39db2a0: bcc3 0000 

  0x000001e6d39db2a4: ;   {other}
  0x000001e6d39db2a4: 0f1f 8400 | 1409 0005 

  0x000001e6d39db2ac: ;   {metadata(method data for {method} {0x000001e6800670b0} 'loadClassOrNull' '(Ljava/lang/String;Z)Ljava/lang/Class;' in 'jdk/internal/loader/BuiltinClassLoader')}
  0x000001e6d39db2ac: 488b f049 | b8a0 ae2f | e9e6 0100 | 0041 ff80 | 0803 0000 | e9c2 0300 | 008b 7254 

  0x000001e6d39db2c8: ;   {metadata(method data for {method} {0x000001e6800670b0} 'loadClassOrNull' '(Ljava/lang/String;Z)Ljava/lang/Class;' in 'jdk/internal/loader/BuiltinClassLoader')}
  0x000001e6d39db2c8: 4885 f649 | b8a0 ae2f | e9e6 0100 | 0049 c7c1 | 3003 0000 | 7507 49c7 | c120 0300 | 004b 8b3c 
  0x000001e6d39db2e8: 0848 8d7f | 014b 893c | 080f 850d | 0000 0048 | 8bb4 2488 | 0000 00e9 | 0301 0000 

  0x000001e6d39db304: ; implicit exception: dispatches to 0x000001e6d39db9a5
  0x000001e6d39db304: 483b 064c 

  0x000001e6d39db308: ;   {metadata(method data for {method} {0x000001e6800670b0} 'loadClassOrNull' '(Ljava/lang/String;Z)Ljava/lang/Class;' in 'jdk/internal/loader/BuiltinClassLoader')}
  0x000001e6d39db308: 8bc6 49b9 | a0ae 2fe9 | e601 0000 | 4983 8140 | 0300 0001 

  0x000001e6d39db31c: ;   {metadata(method data for {method} {0x000001e680067840} 'loadClassOrNull' '(Ljava/lang/String;)Ljava/lang/Class;' in 'jdk/internal/loader/BuiltinClassLoader')}
  0x000001e6d39db31c: 49b8 08be | 2fe9 e601 | 0000 458b | 88cc 0000 | 0041 83c1 | 0245 8988 | cc00 0000 | 4181 e1fe 
  0x000001e6d39db33c: ff1f 0045 | 85c9 0f84 | 6206 0000 

  0x000001e6d39db348: ;   {metadata(method data for {method} {0x000001e680067840} 'loadClassOrNull' '(Ljava/lang/String;)Ljava/lang/Class;' in 'jdk/internal/loader/BuiltinClassLoader')}
  0x000001e6d39db348: 4c8b c649 | b908 be2f | e9e6 0100 | 0045 8b40 | 0849 ba00 | 0000 80e6 | 0100 004d | 03c2 4d3b 
  0x000001e6d39db368: 8120 0100 | 0075 0d49 | 8381 2801 | 0000 01e9 | 6000 0000 | 4d3b 8130 | 0100 0075 | 0d49 8381 
  0x000001e6d39db388: 3801 0000 | 01e9 4a00 | 0000 4983 | b920 0100 | 0000 7517 | 4d89 8120 | 0100 0049 | c781 2801 
  0x000001e6d39db3a8: 0000 0100 | 0000 e929 | 0000 0049 | 83b9 3001 | 0000 0075 | 174d 8981 | 3001 0000 | 49c7 8138 
  0x000001e6d39db3c8: 0100 0001 | 0000 00e9 | 0800 0000 | 4983 8110 | 0100 0001 | 4c8b 4424 | 7041 b900 | 0000 0048 
  0x000001e6d39db3e8: 8bd6 6666 | 9048 b888 | 4b17 80e6 

  0x000001e6d39db3f4: ;   {virtual_call}
  0x000001e6d39db3f4: 0100 00e8 

  0x000001e6d39db3f8: ; ImmutableOopMap {[104]=Oop [112]=Oop [128]=Oop [168]=Oop }
                      ;*invokevirtual loadClassOrNull {reexecute=0 rethrow=0 return_oop=0}
                      ; - jdk.internal.loader.BuiltinClassLoader::loadClassOrNull@3
                      ; - jdk.internal.loader.BuiltinClassLoader::loadClassOrNull@86
  0x000001e6d39db3f8: 64c2 0000 

  0x000001e6d39db3fc: ;   {other}
  0x000001e6d39db3fc: 0f1f 8400 | 6c0a 0006 | 488b f048 

  0x000001e6d39db408: ;   {metadata(method data for {method} {0x000001e6800670b0} 'loadClassOrNull' '(Ljava/lang/String;Z)Ljava/lang/Class;' in 'jdk/internal/loader/BuiltinClassLoader')}
  0x000001e6d39db408: 85f6 49b8 | a0ae 2fe9 | e601 0000 | 48c7 c278 | 0300 0075 | 0748 c7c2 | 8803 0000 | 498b 3c10 
  0x000001e6d39db428: 488d 7f01 | 4989 3c10 | 0f85 5102 | 0000 488b | 5424 684c 

  0x000001e6d39db43c: ;   {metadata(method data for {method} {0x000001e6800670b0} 'loadClassOrNull' '(Ljava/lang/String;Z)Ljava/lang/Class;' in 'jdk/internal/loader/BuiltinClassLoader')}
  0x000001e6d39db43c: 8bc2 48bf | a0ae 2fe9 | e601 0000 | 458b 4008 | 49ba 0000 | 0080 e601 | 0000 4d03 | c24c 3b87 
  0x000001e6d39db45c: a803 0000 | 750d 4883 | 87b0 0300 | 0001 e960 | 0000 004c | 3b87 b803 | 0000 750d | 4883 87c0 
  0x000001e6d39db47c: 0300 0001 | e94a 0000 | 0048 83bf | a803 0000 | 0075 174c | 8987 a803 | 0000 48c7 | 87b0 0300 
  0x000001e6d39db49c: 0001 0000 | 00e9 2900 | 0000 4883 | bfb8 0300 | 0000 7517 | 4c89 87b8 | 0300 0048 | c787 c003 
  0x000001e6d39db4bc: 0000 0100 | 0000 e908 | 0000 0048 | 8387 9803 

  0x000001e6d39db4cc: ;   {metadata(method data for {method} {0x000001e680067058} 'hasClassPath' '()Z' in 'jdk/internal/loader/BuiltinClassLoader')}
  0x000001e6d39db4cc: 0000 0149 | b898 bf2f | e9e6 0100 | 0041 8bb8 | cc00 0000 | 83c7 0241 | 89b8 cc00 | 0000 81e7 
  0x000001e6d39db4ec: feff 1f00 | 85ff 0f84 | d304 0000 | 448b 4258 

  0x000001e6d39db4fc: ;   {metadata(method data for {method} {0x000001e680067058} 'hasClassPath' '()Z' in 'jdk/internal/loader/BuiltinClassLoader')}
  0x000001e6d39db4fc: 4d85 c049 | b898 bf2f | e9e6 0100 | 0048 c7c7 | 1001 0000 | 7407 48c7 | c720 0100 | 0049 8b1c 
  0x000001e6d39db51c: 3848 8d5b | 0149 891c | 380f 841c 

  0x000001e6d39db528: ;   {metadata(method data for {method} {0x000001e680067058} 'hasClassPath' '()Z' in 'jdk/internal/loader/BuiltinClassLoader')}
  0x000001e6d39db528: 0000 0049 | b898 bf2f | e9e6 0100 | 0041 ff80 | 3001 0000 | 41b8 0100 | 0000 e906 | 0000 0041 
  0x000001e6d39db548: b800 0000 | 0041 83e0 | 0145 85c0 

  0x000001e6d39db554: ;   {metadata(method data for {method} {0x000001e6800670b0} 'loadClassOrNull' '(Ljava/lang/String;Z)Ljava/lang/Class;' in 'jdk/internal/loader/BuiltinClassLoader')}
  0x000001e6d39db554: 49b8 a0ae | 2fe9 e601 | 0000 48c7 | c7d0 0300 | 0074 0748 | c7c7 e003 | 0000 498b | 1c38 488d 
  0x000001e6d39db574: 5b01 4989 | 1c38 0f84 | 0701 0000 

  0x000001e6d39db580: ;   {metadata(method data for {method} {0x000001e6800670b0} 'loadClassOrNull' '(Ljava/lang/String;Z)Ljava/lang/Class;' in 'jdk/internal/loader/BuiltinClassLoader')}
  0x000001e6d39db580: 49b8 a0ae | 2fe9 e601 | 0000 4983 | 80f0 0300 

  0x000001e6d39db590: ;   {metadata(method data for {method} {0x000001e68044f6a8} 'isModuleSystemInited' '()Z' in 'jdk/internal/misc/VM')}
  0x000001e6d39db590: 0001 49b8 | 50a5 25e9 | e601 0000 | 418b b8cc | 0000 0083 | c702 4189 | b8cc 0000 | 0081 e7fe 
  0x000001e6d39db5b0: ff1f 0085 | ff0f 8431 

  0x000001e6d39db5b8: ;   {oop(a 'java/lang/Class'{0x0000000080002248} = 'jdk/internal/misc/VM')}
  0x000001e6d39db5b8: 0400 0049 | b848 2200 | 8000 0000 | 0045 8b80 | 9400 0000 | 4183 f802 

  0x000001e6d39db5d0: ;   {metadata(method data for {method} {0x000001e68044f6a8} 'isModuleSystemInited' '()Z' in 'jdk/internal/misc/VM')}
  0x000001e6d39db5d0: 49b8 50a5 | 25e9 e601 | 0000 48c7 | c710 0100 | 007c 0748 | c7c7 2001 | 0000 498b | 1c38 488d 
  0x000001e6d39db5f0: 5b01 4989 | 1c38 0f8c | 1c00 0000 

  0x000001e6d39db5fc: ;   {metadata(method data for {method} {0x000001e68044f6a8} 'isModuleSystemInited' '()Z' in 'jdk/internal/misc/VM')}
  0x000001e6d39db5fc: 49b8 50a5 | 25e9 e601 | 0000 41ff | 8030 0100 | 0041 b801 | 0000 00e9 | 0600 0000 | 41b8 0000 
  0x000001e6d39db61c: 0000 4183 | e001 4585 

  0x000001e6d39db624: ;   {metadata(method data for {method} {0x000001e6800670b0} 'loadClassOrNull' '(Ljava/lang/String;Z)Ljava/lang/Class;' in 'jdk/internal/loader/BuiltinClassLoader')}
  0x000001e6d39db624: c049 b8a0 | ae2f e9e6 | 0100 0048 | c7c7 0004 | 0000 7407 | 48c7 c710 | 0400 0049 | 8b1c 3848 
  0x000001e6d39db644: 8d5b 0149 | 891c 380f | 8436 0000 | 004c 8b44 | 2470 488b 

  0x000001e6d39db658: ;   {metadata(method data for {method} {0x000001e6800670b0} 'loadClassOrNull' '(Ljava/lang/String;Z)Ljava/lang/Class;' in 'jdk/internal/loader/BuiltinClassLoader')}
  0x000001e6d39db658: f248 bfa0 | ae2f e9e6 | 0100 0048 | 8387 2004 | 0000 0148 | 8bf2 488b | d666 0f1f 

  0x000001e6d39db674: ;   {optimized virtual_call}
  0x000001e6d39db674: 4400 00e8 

  0x000001e6d39db678: ; ImmutableOopMap {[104]=Oop [128]=Oop [168]=Oop }
                      ;*invokevirtual findClassOnClassPathOrNull {reexecute=0 rethrow=0 return_oop=0}
                      ; - jdk.internal.loader.BuiltinClassLoader::loadClassOrNull@111
  0x000001e6d39db678: 0435 3d07 

  0x000001e6d39db67c: ;   {other}
  0x000001e6d39db67c: 0f1f 8400 | ec0c 0007 | 488b f044 | 8b4c 2478 

  0x000001e6d39db68c: ;   {metadata(method data for {method} {0x000001e6800670b0} 'loadClassOrNull' '(Ljava/lang/String;Z)Ljava/lang/Class;' in 'jdk/internal/loader/BuiltinClassLoader')}
  0x000001e6d39db68c: 4585 c948 | b8a0 ae2f | e9e6 0100 | 0048 c7c2 | 5804 0000 | 7407 48c7 | c268 0400 | 0048 8b3c 
  0x000001e6d39db6ac: 1048 8d7f | 0148 893c | 100f 849c | 0000 0048 

  0x000001e6d39db6bc: ;   {metadata(method data for {method} {0x000001e6800670b0} 'loadClassOrNull' '(Ljava/lang/String;Z)Ljava/lang/Class;' in 'jdk/internal/loader/BuiltinClassLoader')}
  0x000001e6d39db6bc: 85f6 48b8 | a0ae 2fe9 | e601 0000 | 48c7 c278 | 0400 0074 | 0748 c7c2 | 8804 0000 | 488b 3c10 
  0x000001e6d39db6dc: 488d 7f01 | 4889 3c10 | 0f84 6d00 | 0000 488b 

  0x000001e6d39db6ec: ;   {metadata(method data for {method} {0x000001e6800670b0} 'loadClassOrNull' '(Ljava/lang/String;Z)Ljava/lang/Class;' in 'jdk/internal/loader/BuiltinClassLoader')}
  0x000001e6d39db6ec: 5424 6848 | b8a0 ae2f | e9e6 0100 | 0048 8380 | 9804 0000 

  0x000001e6d39db700: ;   {metadata(method data for {method} {0x000001e680435330} 'resolveClass' '(Ljava/lang/Class;)V' in 'java/lang/ClassLoader')}
  0x000001e6d39db700: 0148 b800 | c42f e9e6 | 0100 008b | 90cc 0000 | 0083 c202 | 8990 cc00 | 0000 81e2 | feff 1f00 
  0x000001e6d39db720: 85d2 0f84 | e502 0000 

  0x000001e6d39db728: ;   {metadata(method data for {method} {0x000001e680435330} 'resolveClass' '(Ljava/lang/Class;)V' in 'java/lang/ClassLoader')}
  0x000001e6d39db728: 4885 f648 | b800 c42f | e9e6 0100 | 0048 c7c2 | 2001 0000 | 7407 48c7 | c210 0100 | 0048 8b3c 
  0x000001e6d39db748: 1048 8d7f | 0148 893c | 100f 8443 | 0000 0048 | 8d84 24a0 | 0000 0048 | 8b10 4885 | d20f 840f 
  0x000001e6d39db768: 0000 0048 | 8b78 08f0 | 480f b117 | 0f85 b402 | 0000 49ff | 8f50 0500 | 0048 8bc6 | 4881 c4c0 
  0x000001e6d39db788: 0000 005d 

  0x000001e6d39db78c: ;   {poll_return}
  0x000001e6d39db78c: 493b a750 | 0400 000f | 87ab 0200 | 00c3 4889 | b424 9800 | 0000 660f | 1f44 0000 

  0x000001e6d39db7a8: ;   {no_reloc}
  0x000001e6d39db7a8: e9bc 0200 | 0000 0000 | 0000 498b | 87b8 0100 | 0048 8d78 | 3049 3bbf | c801 0000 | 0f87 a902 
  0x000001e6d39db7c8: 0000 4989 | bfb8 0100 | 0048 c700 | 0100 0000 | 488b ca49 | ba00 0000 | 80e6 0100 | 0049 2bca 
  0x000001e6d39db7e8: 8948 0848 | 33c9 8948 | 0c48 33c9 | 4889 4810 | 4889 4818 | 4889 4820 | 4889 4828 

  0x000001e6d39db804: ;   {metadata(method data for {method} {0x000001e680435330} 'resolveClass' '(Ljava/lang/Class;)V' in 'java/lang/ClassLoader')}
  0x000001e6d39db804: 488b d048 | be00 c42f | e9e6 0100 | 0048 8386 | 3001 0000 | 0148 8bd0 | 4889 8424 | 9000 0000 
  0x000001e6d39db824: ;   {optimized virtual_call}
  0x000001e6d39db824: 6666 90e8 

  0x000001e6d39db828: ; ImmutableOopMap {[128]=Oop [144]=Oop [152]=Oop [168]=Oop }
                      ;*invokespecial <init> {reexecute=0 rethrow=0 return_oop=0}
                      ; - java.lang.ClassLoader::resolveClass@8
                      ; - jdk.internal.loader.BuiltinClassLoader::loadClassOrNull@128
  0x000001e6d39db828: 5433 3d07 

  0x000001e6d39db82c: ;   {other}
  0x000001e6d39db82c: 0f1f 8400 | 9c0e 0008 | 488b 8424 

  0x000001e6d39db838: ; ImmutableOopMap {rax=Oop [128]=Oop [152]=Oop [168]=Oop }
                      ;*athrow {reexecute=1 rethrow=0 return_oop=0}
                      ; - (reexecute) java.lang.ClassLoader::resolveClass@11
                      ; - jdk.internal.loader.BuiltinClassLoader::loadClassOrNull@128
  0x000001e6d39db838: 9000 0000 

  0x000001e6d39db83c: ;   {section_word}
  0x000001e6d39db83c: 48ba 3cb8 | 9dd3 e601 

  0x000001e6d39db844: ;   {runtime_call handle_exception_nofpu Runtime1 stub}
  0x000001e6d39db844: 0000 e8b5 | 4d48 0790 | 498b 8700 | 0500 004d | 33d2 4d89 | 9700 0500 | 004d 33d2 | 4d89 9708 
  0x000001e6d39db864: 0500 0048 | 8bf0 488d | 8424 a000 | 0000 488b | 3848 85ff | 0f84 0f00 | 0000 488b | 5808 f048 
  0x000001e6d39db884: 0fb1 3b0f | 85f3 0100 | 0049 ff8f | 5005 0000 | 488b c6e9 | 1702 0000 

  0x000001e6d39db89c: ;   {metadata({method} {0x000001e6800670b0} 'loadClassOrNull' '(Ljava/lang/String;Z)Ljava/lang/Class;' in 'jdk/internal/loader/BuiltinClassLoader')}
  0x000001e6d39db89c: 49ba a870 | 0680 e601 | 0000 4c89 | 5424 0848 | c704 24ff 

  0x000001e6d39db8b0: ;   {runtime_call counter_overflow Runtime1 stub}
  0x000001e6d39db8b0: ffff ffe8 

  0x000001e6d39db8b4: ; ImmutableOopMap {rdx=Oop r8=Oop [104]=Oop }
                      ;*synchronization entry
                      ; - jdk.internal.loader.BuiltinClassLoader::loadClassOrNull@-1
  0x000001e6d39db8b4: c890 4807 | e90e f4ff 

  0x000001e6d39db8bc: ;   {runtime_call throw_null_pointer_exception Runtime1 stub}
  0x000001e6d39db8bc: ffe8 5e2e 

  0x000001e6d39db8c0: ; ImmutableOopMap {rsi=Oop [104]=Oop [112]=Oop [128]=Oop }
                      ;*monitorenter {reexecute=0 rethrow=0 return_oop=0}
                      ; - jdk.internal.loader.BuiltinClassLoader::loadClassOrNull@7
  0x000001e6d39db8c0: 4807 4889 | 7424 0848 

  0x000001e6d39db8c8: ;   {runtime_call monitorenter_nofpu Runtime1 stub}
  0x000001e6d39db8c8: 8914 24e8 

  0x000001e6d39db8cc: ; ImmutableOopMap {rsi=Oop [104]=Oop [112]=Oop [128]=Oop [168]=Oop }
                      ;*monitorenter {reexecute=0 rethrow=0 return_oop=0}
                      ; - jdk.internal.loader.BuiltinClassLoader::loadClassOrNull@7
  0x000001e6d39db8cc: b066 4807 | e9f4 f4ff 

  0x000001e6d39db8d4: ;   {metadata({method} {0x000001e6804353e0} 'findLoadedClass' '(Ljava/lang/String;)Ljava/lang/Class;' in 'java/lang/ClassLoader')}
  0x000001e6d39db8d4: ff49 bad8 | 5343 80e6 | 0100 004c | 8954 2408 | 48c7 0424 | ffff ffff 

  0x000001e6d39db8ec: ;   {runtime_call counter_overflow Runtime1 stub}
  0x000001e6d39db8ec: e88f 9048 

  0x000001e6d39db8f0: ; ImmutableOopMap {[104]=Oop [112]=Oop [128]=Oop [168]=Oop }
                      ;*synchronization entry
                      ; - java.lang.ClassLoader::findLoadedClass@-1
                      ; - jdk.internal.loader.BuiltinClassLoader::loadClassOrNull@10
  0x000001e6d39db8f0: 07e9 11f5 

  0x000001e6d39db8f4: ;   {runtime_call throw_null_pointer_exception Runtime1 stub}
  0x000001e6d39db8f4: ffff e825 

  0x000001e6d39db8f8: ; ImmutableOopMap {rax=Oop rdx=Oop [104]=Oop [112]=Oop [128]=Oop [136]=Oop [168]=Oop }
                      ;*invokevirtual loader {reexecute=0 rethrow=0 return_oop=0}
                      ; - jdk.internal.loader.BuiltinClassLoader::loadClassOrNull@34
                      ;   {metadata({method} {0x000001e68044f6a8} 'isModuleSystemInited' '()Z' in 'jdk/internal/misc/VM')}
  0x000001e6d39db8f8: 2e48 0749 | baa0 f644 | 80e6 0100 | 004c 8954 | 2408 48c7 | 0424 ffff 

  0x000001e6d39db910: ;   {runtime_call counter_overflow Runtime1 stub}
  0x000001e6d39db910: ffff e869 

  0x000001e6d39db914: ; ImmutableOopMap {rax=Oop rdx=Oop [104]=Oop [112]=Oop [128]=Oop [136]=Oop [168]=Oop }
                      ;*synchronization entry
                      ; - jdk.internal.misc.VM::isModuleSystemInited@-1
                      ; - jdk.internal.loader.BuiltinClassLoader::loadClassOrNull@45
  0x000001e6d39db914: 9048 07e9 | b5f6 ffff 

  0x000001e6d39db91c: ;   {metadata({method} {0x000001e680067790} 'findClassInModuleOrNull' '(Ljdk/internal/loader/BuiltinClassLoader$LoadedModule;Ljava/lang/String;)Ljava/lang/Class;' in 'jdk/internal/loader/BuiltinClassLoader')}
  0x000001e6d39db91c: 49ba 8877 | 0680 e601 | 0000 4c89 | 5424 0848 | c704 24ff 

  0x000001e6d39db930: ;   {runtime_call counter_overflow Runtime1 stub}
  0x000001e6d39db930: ffff ffe8 

  0x000001e6d39db934: ; ImmutableOopMap {rdx=Oop rax=Oop [104]=Oop [112]=Oop [128]=Oop [168]=Oop }
                      ;*synchronization entry
                      ; - jdk.internal.loader.BuiltinClassLoader::findClassInModuleOrNull@-1
                      ; - jdk.internal.loader.BuiltinClassLoader::loadClassOrNull@55
  0x000001e6d39db934: 4890 4807 | e978 f7ff 

  0x000001e6d39db93c: ;   {metadata({method} {0x000001e68001b1d0} 'getSecurityManager' '()Ljava/lang/SecurityManager;' in 'java/lang/System')}
  0x000001e6d39db93c: ff49 bac8 | b101 80e6 | 0100 004c | 8954 2408 | 48c7 0424 | ffff ffff 

  0x000001e6d39db954: ;   {runtime_call counter_overflow Runtime1 stub}
  0x000001e6d39db954: e827 9048 

  0x000001e6d39db958: ; ImmutableOopMap {rdx=Oop rax=Oop [104]=Oop [112]=Oop [128]=Oop [168]=Oop }
                      ;*synchronization entry
                      ; - java.lang.System::getSecurityManager@-1
                      ; - jdk.internal.loader.BuiltinClassLoader::findClassInModuleOrNull@0
                      ; - jdk.internal.loader.BuiltinClassLoader::loadClassOrNull@55
  0x000001e6d39db958: 07e9 95f7 

  0x000001e6d39db95c: ;   {metadata({method} {0x000001e68001b2e8} 'allowSecurityManager' '()Z' in 'java/lang/System')}
  0x000001e6d39db95c: ffff 49ba | e0b2 0180 | e601 0000 | 4c89 5424 | 0848 c704 | 24ff ffff 

  0x000001e6d39db974: ;   {runtime_call counter_overflow Runtime1 stub}
  0x000001e6d39db974: ffe8 0690 

  0x000001e6d39db978: ; ImmutableOopMap {rdx=Oop rax=Oop [104]=Oop [112]=Oop [128]=Oop [168]=Oop }
                      ;*synchronization entry
                      ; - java.lang.System::allowSecurityManager@-1
                      ; - java.lang.System::getSecurityManager@0
                      ; - jdk.internal.loader.BuiltinClassLoader::findClassInModuleOrNull@0
                      ; - jdk.internal.loader.BuiltinClassLoader::loadClassOrNull@55
  0x000001e6d39db978: 4807 e9b2 

  0x000001e6d39db97c: ;   {runtime_call throw_null_pointer_exception Runtime1 stub}
  0x000001e6d39db97c: f7ff ffe8 

  0x000001e6d39db980: ; ImmutableOopMap {rsi=Oop [104]=Oop [112]=Oop [128]=Oop [168]=Oop }
                      ;*invokevirtual loadClassOrNull {reexecute=0 rethrow=0 return_oop=0}
                      ; - jdk.internal.loader.BuiltinClassLoader::loadClassOrNull@66
  0x000001e6d39db980: 9c2d 4807 

  0x000001e6d39db984: ;   {metadata({method} {0x000001e680067840} 'loadClassOrNull' '(Ljava/lang/String;)Ljava/lang/Class;' in 'jdk/internal/loader/BuiltinClassLoader')}
  0x000001e6d39db984: 49ba 3878 | 0680 e601 | 0000 4c89 | 5424 0848 | c704 24ff 

  0x000001e6d39db998: ;   {runtime_call counter_overflow Runtime1 stub}
  0x000001e6d39db998: ffff ffe8 

  0x000001e6d39db99c: ; ImmutableOopMap {rsi=Oop [104]=Oop [112]=Oop [128]=Oop [168]=Oop }
                      ;*synchronization entry
                      ; - jdk.internal.loader.BuiltinClassLoader::loadClassOrNull@-1
                      ; - jdk.internal.loader.BuiltinClassLoader::loadClassOrNull@66
  0x000001e6d39db99c: e08f 4807 | e94c f8ff 

  0x000001e6d39db9a4: ;   {runtime_call throw_null_pointer_exception Runtime1 stub}
  0x000001e6d39db9a4: ffe8 762d 

  0x000001e6d39db9a8: ; ImmutableOopMap {rsi=Oop [104]=Oop [112]=Oop [128]=Oop [168]=Oop }
                      ;*invokevirtual loadClassOrNull {reexecute=0 rethrow=0 return_oop=0}
                      ; - jdk.internal.loader.BuiltinClassLoader::loadClassOrNull@86
                      ;   {metadata({method} {0x000001e680067840} 'loadClassOrNull' '(Ljava/lang/String;)Ljava/lang/Class;' in 'jdk/internal/loader/BuiltinClassLoader')}
  0x000001e6d39db9a8: 4807 49ba | 3878 0680 | e601 0000 | 4c89 5424 | 0848 c704 | 24ff ffff 

  0x000001e6d39db9c0: ;   {runtime_call counter_overflow Runtime1 stub}
  0x000001e6d39db9c0: ffe8 ba8f 

  0x000001e6d39db9c4: ; ImmutableOopMap {rsi=Oop [104]=Oop [112]=Oop [128]=Oop [168]=Oop }
                      ;*synchronization entry
                      ; - jdk.internal.loader.BuiltinClassLoader::loadClassOrNull@-1
                      ; - jdk.internal.loader.BuiltinClassLoader::loadClassOrNull@86
  0x000001e6d39db9c4: 4807 e97d 

  0x000001e6d39db9c8: ;   {metadata({method} {0x000001e680067058} 'hasClassPath' '()Z' in 'jdk/internal/loader/BuiltinClassLoader')}
  0x000001e6d39db9c8: f9ff ff49 | ba50 7006 | 80e6 0100 | 004c 8954 | 2408 48c7 | 0424 ffff 

  0x000001e6d39db9e0: ;   {runtime_call counter_overflow Runtime1 stub}
  0x000001e6d39db9e0: ffff e899 

  0x000001e6d39db9e4: ; ImmutableOopMap {rdx=Oop rsi=Oop [104]=Oop [112]=Oop [128]=Oop [168]=Oop }
                      ;*synchronization entry
                      ; - jdk.internal.loader.BuiltinClassLoader::hasClassPath@-1
                      ; - jdk.internal.loader.BuiltinClassLoader::loadClassOrNull@97
  0x000001e6d39db9e4: 8f48 07e9 | 0cfb ffff 

  0x000001e6d39db9ec: ;   {metadata({method} {0x000001e68044f6a8} 'isModuleSystemInited' '()Z' in 'jdk/internal/misc/VM')}
  0x000001e6d39db9ec: 49ba a0f6 | 4480 e601 | 0000 4c89 | 5424 0848 | c704 24ff 

  0x000001e6d39dba00: ;   {runtime_call counter_overflow Runtime1 stub}
  0x000001e6d39dba00: ffff ffe8 

  0x000001e6d39dba04: ; ImmutableOopMap {rdx=Oop rsi=Oop [104]=Oop [112]=Oop [128]=Oop [168]=Oop }
                      ;*synchronization entry
                      ; - jdk.internal.misc.VM::isModuleSystemInited@-1
                      ; - jdk.internal.loader.BuiltinClassLoader::loadClassOrNull@103
  0x000001e6d39dba04: 788f 4807 | e9ae fbff 

  0x000001e6d39dba0c: ;   {metadata({method} {0x000001e680435330} 'resolveClass' '(Ljava/lang/Class;)V' in 'java/lang/ClassLoader')}
  0x000001e6d39dba0c: ff49 ba28 | 5343 80e6 | 0100 004c | 8954 2408 | 48c7 0424 | ffff ffff 

  0x000001e6d39dba24: ;   {runtime_call counter_overflow Runtime1 stub}
  0x000001e6d39dba24: e857 8f48 

  0x000001e6d39dba28: ; ImmutableOopMap {rsi=Oop [128]=Oop [168]=Oop }
                      ;*synchronization entry
                      ; - java.lang.ClassLoader::resolveClass@-1
                      ; - jdk.internal.loader.BuiltinClassLoader::loadClassOrNull@128
  0x000001e6d39dba28: 07e9 fafc | ffff 488d | 8424 a000 | 0000 4889 

  0x000001e6d39dba38: ;   {runtime_call monitorexit_nofpu Runtime1 stub}
  0x000001e6d39dba38: 0424 e8c1 | 6b48 07e9 | 3dfd ffff 

  0x000001e6d39dba44: ;   {internal_word}
  0x000001e6d39dba44: 49ba 8cb7 | 9dd3 e601 | 0000 4d89 | 9768 0400 

  0x000001e6d39dba54: ;   {runtime_call SafepointBlob}
  0x000001e6d39dba54: 00e9 26a1 

  0x000001e6d39dba58: ;   {metadata(nullptr)}
  0x000001e6d39dba58: 3d07 48ba | 0000 0000 | 0000 0000 | b800 0f05 

  0x000001e6d39dba68: ;   {runtime_call load_klass_patching Runtime1 stub}
  0x000001e6d39dba68: 0ae8 9278 

  0x000001e6d39dba6c: ; ImmutableOopMap {[128]=Oop [152]=Oop [168]=Oop }
                      ;*new {reexecute=1 rethrow=0 return_oop=0}
                      ; - (reexecute) java.lang.ClassLoader::resolveClass@4
                      ; - jdk.internal.loader.BuiltinClassLoader::loadClassOrNull@128
  0x000001e6d39dba6c: 4807 e935 | fdff ff48 

  0x000001e6d39dba74: ;   {runtime_call fast_new_instance Runtime1 stub}
  0x000001e6d39dba74: 8bd2 e885 

  0x000001e6d39dba78: ; ImmutableOopMap {[128]=Oop [152]=Oop [168]=Oop }
                      ;*new {reexecute=0 rethrow=0 return_oop=0}
                      ; - java.lang.ClassLoader::resolveClass@4
                      ; - jdk.internal.loader.BuiltinClassLoader::loadClassOrNull@128
  0x000001e6d39dba78: 3748 07e9 | 84fd ffff | 488d 8424 | a000 0000 | 4889 0424 

  0x000001e6d39dba8c: ;   {runtime_call monitorexit_nofpu Runtime1 stub}
  0x000001e6d39dba8c: e86f 6b48 | 07e9 fefd | ffff 498b | 8700 0500 | 0049 c787 | 0005 0000 | 0000 0000 | 49c7 8708 
  0x000001e6d39dbaac: 0500 0000 | 0000 0048 | 81c4 c000 

  0x000001e6d39dbab8: ;   {runtime_call unwind_exception Runtime1 stub}
  0x000001e6d39dbab8: 0000 5de9 | 401d 4807 
[Stub Code]
  0x000001e6d39dbac0: ;   {no_reloc}
  0x000001e6d39dbac0: 0f1f 4400 

  0x000001e6d39dbac4: ;   {static_stub}
  0x000001e6d39dbac4: 0048 bb08 | 4801 80e6 

  0x000001e6d39dbacc: ;   {runtime_call I2C/C2I adapters}
  0x000001e6d39dbacc: 0100 00e9 | 9386 3d07 

  0x000001e6d39dbad4: ;   {static_stub}
  0x000001e6d39dbad4: 9048 bb00 | 0000 0000 

  0x000001e6d39dbadc: ;   {runtime_call nmethod}
  0x000001e6d39dbadc: 0000 00e9 | fbff ffff 

  0x000001e6d39dbae4: ;   {static_stub}
  0x000001e6d39dbae4: 9048 bb00 | 0000 0000 

  0x000001e6d39dbaec: ;   {runtime_call nmethod}
  0x000001e6d39dbaec: 0000 00e9 | fbff ffff 

  0x000001e6d39dbaf4: ;   {static_stub}
  0x000001e6d39dbaf4: 48bb 0000 | 0000 0000 

  0x000001e6d39dbafc: ;   {runtime_call nmethod}
  0x000001e6d39dbafc: 0000 e9fb 

  0x000001e6d39dbb00: ;   {static_stub}
  0x000001e6d39dbb00: ffff ff48 | bb00 0000 | 0000 0000 

  0x000001e6d39dbb0c: ;   {runtime_call nmethod}
  0x000001e6d39dbb0c: 00e9 fbff 

  0x000001e6d39dbb10: ;   {static_stub}
  0x000001e6d39dbb10: ffff 48bb | 2075 0680 | e601 0000 

  0x000001e6d39dbb1c: ;   {runtime_call I2C/C2I adapters}
  0x000001e6d39dbb1c: e946 863d 

  0x000001e6d39dbb20: ;   {static_stub}
  0x000001e6d39dbb20: 0748 bb00 | 0000 0000 

  0x000001e6d39dbb28: ;   {runtime_call nmethod}
  0x000001e6d39dbb28: 0000 00e9 | fbff ffff 

  0x000001e6d39dbb30: ;   {static_stub}
  0x000001e6d39dbb30: 48bb 0000 | 0000 0000 

  0x000001e6d39dbb38: ;   {runtime_call nmethod}
  0x000001e6d39dbb38: 0000 e9fb 

  0x000001e6d39dbb3c: ;   {static_stub}
  0x000001e6d39dbb3c: ffff ff48 | bb00 0000 | 0000 0000 

  0x000001e6d39dbb48: ;   {runtime_call nmethod}
  0x000001e6d39dbb48: 00e9 fbff 

  0x000001e6d39dbb4c: ;   {runtime_call handle_exception_from_callee Runtime1 stub}
  0x000001e6d39dbb4c: ffff e8ad 

  0x000001e6d39dbb50: ;   {external_word}
  0x000001e6d39dbb50: 5148 0748 | b940 53fe | 5bfd 7f00 | 0048 83e4 

  0x000001e6d39dbb60: ;   {runtime_call}
  0x000001e6d39dbb60: f048 b8b0 | c3c0 5bfd | 7f00 00ff 

  0x000001e6d39dbb6c: ;   {section_word}
  0x000001e6d39dbb6c: d0f4 49ba | 6ebb 9dd3 | e601 0000 

  0x000001e6d39dbb78: ;   {runtime_call DeoptimizationBlob}
  0x000001e6d39dbb78: 4152 e9a1 | b43d 07f4 
[/MachCode]


---------------  P R O C E S S  ---------------

Threads class SMR info:
_java_thread_list=0x000001e6ee092170, length=21, elements={
0x000001e6d061eb70, 0x000001e6e708f5d0, 0x000001e6e7090c40, 0x000001e6e7092c50,
0x000001e6e7093970, 0x000001e6e7095540, 0x000001e6e7097a30, 0x000001e6e7099b90,
0x000001e6e709f0e0, 0x000001e6e8b7c700, 0x000001e6e8c78350, 0x000001e6ed72bac0,
0x000001e6ed823a60, 0x000001e6ed822d40, 0x000001e6ed8240f0, 0x000001e6ed8233d0,
0x000001e6ed7f4b50, 0x000001e6ed7ef600, 0x000001e6ed7efc90, 0x000001e6ed7f1040,
0x000001e6ed7eef70
}

Java Threads: ( => current thread )
  0x000001e6d061eb70 JavaThread "main"                              [_thread_blocked, id=23508, stack(0x000000521a900000,0x000000521aa00000) (1024K)]
  0x000001e6e708f5d0 JavaThread "Reference Handler"          daemon [_thread_blocked, id=16456, stack(0x000000521ad00000,0x000000521ae00000) (1024K)]
  0x000001e6e7090c40 JavaThread "Finalizer"                  daemon [_thread_blocked, id=7296, stack(0x000000521ae00000,0x000000521af00000) (1024K)]
  0x000001e6e7092c50 JavaThread "Signal Dispatcher"          daemon [_thread_blocked, id=15940, stack(0x000000521af00000,0x000000521b000000) (1024K)]
  0x000001e6e7093970 JavaThread "Attach Listener"            daemon [_thread_blocked, id=4252, stack(0x000000521b000000,0x000000521b100000) (1024K)]
  0x000001e6e7095540 JavaThread "Service Thread"             daemon [_thread_blocked, id=22012, stack(0x000000521b100000,0x000000521b200000) (1024K)]
  0x000001e6e7097a30 JavaThread "Monitor Deflation Thread"   daemon [_thread_blocked, id=15236, stack(0x000000521b200000,0x000000521b300000) (1024K)]
  0x000001e6e7099b90 JavaThread "C2 CompilerThread0"         daemon [_thread_blocked, id=4196, stack(0x000000521b300000,0x000000521b400000) (1024K)]
  0x000001e6e709f0e0 JavaThread "C1 CompilerThread0"         daemon [_thread_blocked, id=21700, stack(0x000000521b400000,0x000000521b500000) (1024K)]
  0x000001e6e8b7c700 JavaThread "Common-Cleaner"             daemon [_thread_blocked, id=28448, stack(0x000000521b500000,0x000000521b600000) (1024K)]
  0x000001e6e8c78350 JavaThread "Notification Thread"        daemon [_thread_blocked, id=28732, stack(0x000000521b600000,0x000000521b700000) (1024K)]
  0x000001e6ed72bac0 JavaThread "Active Thread: Equinox Container: 8ec438be-7069-4320-b04a-e278e317ac7b"        [_thread_blocked, id=9240, stack(0x000000521bf00000,0x000000521c000000) (1024K)]
  0x000001e6ed823a60 JavaThread "Refresh Thread: Equinox Container: 8ec438be-7069-4320-b04a-e278e317ac7b" daemon [_thread_blocked, id=28468, stack(0x000000521c100000,0x000000521c200000) (1024K)]
  0x000001e6ed822d40 JavaThread "Framework Event Dispatcher: Equinox Container: 8ec438be-7069-4320-b04a-e278e317ac7b" daemon [_thread_blocked, id=32336, stack(0x000000521c200000,0x000000521c300000) (1024K)]
=>0x000001e6ed8240f0 JavaThread "Start Level: Equinox Container: 8ec438be-7069-4320-b04a-e278e317ac7b" daemon [_thread_in_vm, id=24352, stack(0x000000521c300000,0x000000521c400000) (1024K)]
  0x000001e6ed8233d0 JavaThread "Bundle File Closer"         daemon [_thread_blocked, id=396, stack(0x000000521c400000,0x000000521c500000) (1024K)]
  0x000001e6ed7f4b50 JavaThread "SCR Component Actor"        daemon [_thread_blocked, id=27148, stack(0x000000521b700000,0x000000521b800000) (1024K)]
  0x000001e6ed7ef600 JavaThread "Worker-JM"                         [_thread_blocked, id=31016, stack(0x000000521c500000,0x000000521c600000) (1024K)]
  0x000001e6ed7efc90 JavaThread "JNA Cleaner"                daemon [_thread_blocked, id=16064, stack(0x000000521b800000,0x000000521b900000) (1024K)]
  0x000001e6ed7f1040 JavaThread "Worker-0: Checking project encoding"        [_thread_in_vm, id=20764, stack(0x000000521c600000,0x000000521c700000) (1024K)]
  0x000001e6ed7eef70 JavaThread "Worker-1"                          [_thread_blocked, id=18648, stack(0x000000521c700000,0x000000521c800000) (1024K)]
Total: 21

Other Threads:
  0x000001e6e7082ad0 VMThread "VM Thread"                           [id=14516, stack(0x000000521ac00000,0x000000521ad00000) (1024K)]
  0x000001e6d068e770 WatcherThread "VM Periodic Task Thread"        [id=26892, stack(0x000000521ab00000,0x000000521ac00000) (1024K)]
  0x000001e6d063f260 WorkerThread "GC Thread#0"                     [id=11240, stack(0x000000521aa00000,0x000000521ab00000) (1024K)]
  0x000001e6ed469760 WorkerThread "GC Thread#1"                     [id=29184, stack(0x000000521b900000,0x000000521ba00000) (1024K)]
  0x000001e6ed3feb60 WorkerThread "GC Thread#2"                     [id=24192, stack(0x000000521ba00000,0x000000521bb00000) (1024K)]
  0x000001e6ed948010 WorkerThread "GC Thread#3"                     [id=22580, stack(0x000000521bb00000,0x000000521bc00000) (1024K)]
  0x000001e6e8c9da00 WorkerThread "GC Thread#4"                     [id=31872, stack(0x000000521bc00000,0x000000521bd00000) (1024K)]
  0x000001e6e8c9ddb0 WorkerThread "GC Thread#5"                     [id=7536, stack(0x000000521bd00000,0x000000521be00000) (1024K)]
  0x000001e6ed63bdd0 WorkerThread "GC Thread#6"                     [id=25852, stack(0x000000521be00000,0x000000521bf00000) (1024K)]
  0x000001e6ed90a540 WorkerThread "GC Thread#7"                     [id=24508, stack(0x000000521c000000,0x000000521c100000) (1024K)]
Total: 10

Threads with active compile tasks:
Total: 0

VM state: not at safepoint (normal execution)

VM Mutex/Monitor currently owned by a thread:  ([mutex/lock_event])
[0x00007ffd5c29c4e0] Metaspace_lock - owner thread: 0x000001e6ed8240f0

Heap address: 0x0000000080000000, size: 2048 MB, Compressed Oops mode: 32-bit

CDS archive(s) mapped at: [0x000001e680000000-0x000001e680ba0000-0x000001e680ba0000), size 12189696, SharedBaseAddress: 0x000001e680000000, ArchiveRelocationMode: 1.
Compressed class space mapped at: 0x000001e681000000-0x000001e6c1000000, reserved size: 1073741824
Narrow klass base: 0x000001e680000000, Narrow klass shift: 0, Narrow klass range: 0x100000000

GC Precious Log:
 CardTable entry size: 512
 CPUs: 8 total, 8 available
 Memory: 16122M
 Large Page Support: Disabled
 NUMA Support: Disabled
 Compressed Oops: Enabled (32-bit)
 Alignments: Space 512K, Generation 512K, Heap 2M
 Heap Min Capacity: 100M
 Heap Initial Capacity: 100M
 Heap Max Capacity: 2G
 Pre-touch: Disabled
 Parallel Workers: 8

Heap:
 PSYoungGen      total 29184K, used 6304K [0x00000000d5580000, 0x00000000d7780000, 0x0000000100000000)
  eden space 24576K, 25% used [0x00000000d5580000,0x00000000d5ba82e8,0x00000000d6d80000)
  from space 4608K, 0% used [0x00000000d6e00000,0x00000000d6e00000,0x00000000d7280000)
  to   space 5120K, 0% used [0x00000000d7280000,0x00000000d7280000,0x00000000d7780000)
 ParOldGen       total 68608K, used 13294K [0x0000000080000000, 0x0000000084300000, 0x00000000d5580000)
  object space 68608K, 19% used [0x0000000080000000,0x0000000080cfbbf0,0x0000000084300000)
 Metaspace       used 21254K, committed 22144K, reserved 1114112K
  class space    used 2276K, committed 2624K, reserved 1048576K

Card table byte_map: [0x000001e6d0000000,0x000001e6d0410000] _byte_map_base: 0x000001e6cfc00000

Marking Bits: (ParMarkBitMap*) 0x00007ffd5c2a3450
 Begin Bits: [0x000001e6e2ae0000, 0x000001e6e4ae0000)
 End Bits:   [0x000001e6e4ae0000, 0x000001e6e6ae0000)

Polling page: 0x000001e6cfdf0000

Metaspace:

Usage:
  Non-class:     18.53 MB used.
      Class:      2.22 MB used.
       Both:     20.76 MB used.

Virtual space:
  Non-class space:       64.00 MB reserved,      19.06 MB ( 30%) committed,  1 nodes.
      Class space:        1.00 GB reserved,       2.56 MB ( <1%) committed,  1 nodes.
             Both:        1.06 GB reserved,      21.62 MB (  2%) committed. 

Chunk freelists:
   Non-Class:  12.92 MB
       Class:  13.34 MB
        Both:  26.26 MB

MaxMetaspaceSize: unlimited
CompressedClassSpaceSize: 1.00 GB
Initial GC threshold: 21.00 MB
Current GC threshold: 35.00 MB
CDS: on
 - commit_granule_bytes: 65536.
 - commit_granule_words: 8192.
 - virtual_space_node_default_size: 8388608.
 - enlarge_chunks_in_place: 1.
 - use_allocation_guard: 0.


Internal statistics:

num_allocs_failed_limit: 3.
num_arena_births: 808.
num_arena_deaths: 14.
num_vsnodes_births: 2.
num_vsnodes_deaths: 0.
num_space_committed: 346.
num_space_uncommitted: 0.
num_chunks_returned_to_freelist: 17.
num_chunks_taken_from_freelist: 1705.
num_chunk_merges: 8.
num_chunk_splits: 1042.
num_chunks_enlarged: 597.
num_inconsistent_stats: 0.

CodeHeap 'non-profiled nmethods': size=120000Kb used=1782Kb max_used=1782Kb free=118217Kb
 bounds [0x000001e6db300000, 0x000001e6db570000, 0x000001e6e2830000]
CodeHeap 'profiled nmethods': size=120000Kb used=8079Kb max_used=8079Kb free=111920Kb
 bounds [0x000001e6d3830000, 0x000001e6d4020000, 0x000001e6dad60000]
CodeHeap 'non-nmethods': size=5760Kb used=1301Kb max_used=1332Kb free=4459Kb
 bounds [0x000001e6dad60000, 0x000001e6dafd0000, 0x000001e6db300000]
CodeCache: size=245760Kb, used=11162Kb, max_used=11193Kb, free=234596Kb
 total_blobs=4510, nmethods=3939, adapters=477, full_count=0
Compilation: enabled, stopped_count=0, restarted_count=0

Compilation events (20 events):
Event: 8.795 Thread 0x000001e6e709f0e0 nmethod 3931 0x000001e6d4010190 code [0x000001e6d4010440, 0x000001e6d4011040]
Event: 8.795 Thread 0x000001e6e709f0e0 3933       1       org.eclipse.core.internal.dtree.AbstractDataTreeNode::isDelta (2 bytes)
Event: 8.795 Thread 0x000001e6e709f0e0 nmethod 3933 0x000001e6db4b9810 code [0x000001e6db4b99a0, 0x000001e6db4b9a68]
Event: 8.795 Thread 0x000001e6e709f0e0 3932       3       java.lang.invoke.DirectMethodHandle$Holder::invokeStatic (14 bytes)
Event: 8.796 Thread 0x000001e6e709f0e0 nmethod 3932 0x000001e6d4011490 code [0x000001e6d4011660, 0x000001e6d4011b68]
Event: 8.796 Thread 0x000001e6e709f0e0 3934       1       java.net.URI::getRawFragment (5 bytes)
Event: 8.796 Thread 0x000001e6e709f0e0 nmethod 3934 0x000001e6db4b9b10 code [0x000001e6db4b9ca0, 0x000001e6db4b9d68]
Event: 8.796 Thread 0x000001e6e709f0e0 3935       1       java.net.URI::getRawQuery (5 bytes)
Event: 8.796 Thread 0x000001e6e709f0e0 nmethod 3935 0x000001e6db4b9e10 code [0x000001e6db4b9fa0, 0x000001e6db4ba068]
Event: 8.796 Thread 0x000001e6e709f0e0 3936       1       java.net.URI::getRawAuthority (5 bytes)
Event: 8.796 Thread 0x000001e6e709f0e0 nmethod 3936 0x000001e6db4ba110 code [0x000001e6db4ba2a0, 0x000001e6db4ba368]
Event: 8.799 Thread 0x000001e6e7099b90 3937 %     4       sun.nio.fs.WindowsPathParser::normalize @ 18 (233 bytes)
Event: 8.804 Thread 0x000001e6e709f0e0 3938       3       jdk.internal.loader.BuiltinClassLoader::findLoadedModule (33 bytes)
Event: 8.805 Thread 0x000001e6e709f0e0 nmethod 3938 0x000001e6d4011c90 code [0x000001e6d4011ec0, 0x000001e6d4012570]
Event: 8.814 Thread 0x000001e6e709f0e0 3939       3       java.lang.invoke.DirectMethodHandle$Holder::invokeStatic (17 bytes)
Event: 8.815 Thread 0x000001e6e709f0e0 nmethod 3939 0x000001e6d4012810 code [0x000001e6d40129e0, 0x000001e6d4012e88]
Event: 8.815 Thread 0x000001e6e709f0e0 3940       3       java.lang.invoke.LambdaForm$MH/0x000001e681017800::invoke (32 bytes)
Event: 8.815 Thread 0x000001e6e709f0e0 nmethod 3940 0x000001e6d4012f90 code [0x000001e6d4013160, 0x000001e6d4013620]
Event: 8.815 Thread 0x000001e6e709f0e0 3941       3       java.lang.invoke.DirectMethodHandle$Holder::invokeStatic (21 bytes)
Event: 8.815 Thread 0x000001e6e709f0e0 nmethod 3941 0x000001e6d4013790 code [0x000001e6d4013960, 0x000001e6d4013e40]

GC Heap History (16 events):
Event: 1.423 GC heap before
{Heap before GC invocations=1 (full 0):
 PSYoungGen      total 29696K, used 25600K [0x00000000d5580000, 0x00000000d7680000, 0x0000000100000000)
  eden space 25600K, 100% used [0x00000000d5580000,0x00000000d6e80000,0x00000000d6e80000)
  from space 4096K, 0% used [0x00000000d7280000,0x00000000d7280000,0x00000000d7680000)
  to   space 4096K, 0% used [0x00000000d6e80000,0x00000000d6e80000,0x00000000d7280000)
 ParOldGen       total 68608K, used 0K [0x0000000080000000, 0x0000000084300000, 0x00000000d5580000)
  object space 68608K, 0% used [0x0000000080000000,0x0000000080000000,0x0000000084300000)
 Metaspace       used 4339K, committed 4608K, reserved 1114112K
  class space    used 473K, committed 576K, reserved 1048576K
}
Event: 1.437 GC heap after
{Heap after GC invocations=1 (full 0):
 PSYoungGen      total 29696K, used 3303K [0x00000000d5580000, 0x00000000d7680000, 0x0000000100000000)
  eden space 25600K, 0% used [0x00000000d5580000,0x00000000d5580000,0x00000000d6e80000)
  from space 4096K, 80% used [0x00000000d6e80000,0x00000000d71b9e98,0x00000000d7280000)
  to   space 4096K, 0% used [0x00000000d7280000,0x00000000d7280000,0x00000000d7680000)
 ParOldGen       total 68608K, used 8K [0x0000000080000000, 0x0000000084300000, 0x00000000d5580000)
  object space 68608K, 0% used [0x0000000080000000,0x0000000080002000,0x0000000084300000)
 Metaspace       used 4339K, committed 4608K, reserved 1114112K
  class space    used 473K, committed 576K, reserved 1048576K
}
Event: 2.561 GC heap before
{Heap before GC invocations=2 (full 0):
 PSYoungGen      total 29696K, used 28903K [0x00000000d5580000, 0x00000000d7680000, 0x0000000100000000)
  eden space 25600K, 100% used [0x00000000d5580000,0x00000000d6e80000,0x00000000d6e80000)
  from space 4096K, 80% used [0x00000000d6e80000,0x00000000d71b9e98,0x00000000d7280000)
  to   space 4096K, 0% used [0x00000000d7280000,0x00000000d7280000,0x00000000d7680000)
 ParOldGen       total 68608K, used 8K [0x0000000080000000, 0x0000000084300000, 0x00000000d5580000)
  object space 68608K, 0% used [0x0000000080000000,0x0000000080002000,0x0000000084300000)
 Metaspace       used 7990K, committed 8320K, reserved 1114112K
  class space    used 831K, committed 960K, reserved 1048576K
}
Event: 2.569 GC heap after
{Heap after GC invocations=2 (full 0):
 PSYoungGen      total 29696K, used 4086K [0x00000000d5580000, 0x00000000d7680000, 0x0000000100000000)
  eden space 25600K, 0% used [0x00000000d5580000,0x00000000d5580000,0x00000000d6e80000)
  from space 4096K, 99% used [0x00000000d7280000,0x00000000d767d810,0x00000000d7680000)
  to   space 4096K, 0% used [0x00000000d6e80000,0x00000000d6e80000,0x00000000d7280000)
 ParOldGen       total 68608K, used 2047K [0x0000000080000000, 0x0000000084300000, 0x00000000d5580000)
  object space 68608K, 2% used [0x0000000080000000,0x00000000801ffe58,0x0000000084300000)
 Metaspace       used 7990K, committed 8320K, reserved 1114112K
  class space    used 831K, committed 960K, reserved 1048576K
}
Event: 3.094 GC heap before
{Heap before GC invocations=3 (full 0):
 PSYoungGen      total 29696K, used 29533K [0x00000000d5580000, 0x00000000d7680000, 0x0000000100000000)
  eden space 25600K, 99% used [0x00000000d5580000,0x00000000d6e59f58,0x00000000d6e80000)
  from space 4096K, 99% used [0x00000000d7280000,0x00000000d767d810,0x00000000d7680000)
  to   space 4096K, 0% used [0x00000000d6e80000,0x00000000d6e80000,0x00000000d7280000)
 ParOldGen       total 68608K, used 2047K [0x0000000080000000, 0x0000000084300000, 0x00000000d5580000)
  object space 68608K, 2% used [0x0000000080000000,0x00000000801ffe58,0x0000000084300000)
 Metaspace       used 9448K, committed 9792K, reserved 1114112K
  class space    used 1010K, committed 1152K, reserved 1048576K
}
Event: 3.101 GC heap after
{Heap after GC invocations=3 (full 0):
 PSYoungGen      total 29696K, used 4078K [0x00000000d5580000, 0x00000000d7680000, 0x0000000100000000)
  eden space 25600K, 0% used [0x00000000d5580000,0x00000000d5580000,0x00000000d6e80000)
  from space 4096K, 99% used [0x00000000d6e80000,0x00000000d727b970,0x00000000d7280000)
  to   space 4096K, 0% used [0x00000000d7280000,0x00000000d7280000,0x00000000d7680000)
 ParOldGen       total 68608K, used 4828K [0x0000000080000000, 0x0000000084300000, 0x00000000d5580000)
  object space 68608K, 7% used [0x0000000080000000,0x00000000804b7288,0x0000000084300000)
 Metaspace       used 9448K, committed 9792K, reserved 1114112K
  class space    used 1010K, committed 1152K, reserved 1048576K
}
Event: 5.486 GC heap before
{Heap before GC invocations=4 (full 0):
 PSYoungGen      total 29696K, used 29678K [0x00000000d5580000, 0x00000000d7680000, 0x0000000100000000)
  eden space 25600K, 100% used [0x00000000d5580000,0x00000000d6e80000,0x00000000d6e80000)
  from space 4096K, 99% used [0x00000000d6e80000,0x00000000d727b970,0x00000000d7280000)
  to   space 4096K, 0% used [0x00000000d7280000,0x00000000d7280000,0x00000000d7680000)
 ParOldGen       total 68608K, used 4828K [0x0000000080000000, 0x0000000084300000, 0x00000000d5580000)
  object space 68608K, 7% used [0x0000000080000000,0x00000000804b7288,0x0000000084300000)
 Metaspace       used 11603K, committed 11968K, reserved 1114112K
  class space    used 1227K, committed 1408K, reserved 1048576K
}
Event: 5.493 GC heap after
{Heap after GC invocations=4 (full 0):
 PSYoungGen      total 29696K, used 4090K [0x00000000d5580000, 0x00000000d7680000, 0x0000000100000000)
  eden space 25600K, 0% used [0x00000000d5580000,0x00000000d5580000,0x00000000d6e80000)
  from space 4096K, 99% used [0x00000000d7280000,0x00000000d767e958,0x00000000d7680000)
  to   space 4096K, 0% used [0x00000000d6e80000,0x00000000d6e80000,0x00000000d7280000)
 ParOldGen       total 68608K, used 6824K [0x0000000080000000, 0x0000000084300000, 0x00000000d5580000)
  object space 68608K, 9% used [0x0000000080000000,0x00000000806aa028,0x0000000084300000)
 Metaspace       used 11603K, committed 11968K, reserved 1114112K
  class space    used 1227K, committed 1408K, reserved 1048576K
}
Event: 6.437 GC heap before
{Heap before GC invocations=5 (full 0):
 PSYoungGen      total 29696K, used 29690K [0x00000000d5580000, 0x00000000d7680000, 0x0000000100000000)
  eden space 25600K, 100% used [0x00000000d5580000,0x00000000d6e80000,0x00000000d6e80000)
  from space 4096K, 99% used [0x00000000d7280000,0x00000000d767e958,0x00000000d7680000)
  to   space 4096K, 0% used [0x00000000d6e80000,0x00000000d6e80000,0x00000000d7280000)
 ParOldGen       total 68608K, used 6824K [0x0000000080000000, 0x0000000084300000, 0x00000000d5580000)
  object space 68608K, 9% used [0x0000000080000000,0x00000000806aa028,0x0000000084300000)
 Metaspace       used 15522K, committed 16192K, reserved 1114112K
  class space    used 1619K, committed 1920K, reserved 1048576K
}
Event: 6.442 GC heap after
{Heap after GC invocations=5 (full 0):
 PSYoungGen      total 29184K, used 4093K [0x00000000d5580000, 0x00000000d7900000, 0x0000000100000000)
  eden space 25088K, 0% used [0x00000000d5580000,0x00000000d5580000,0x00000000d6e00000)
  from space 4096K, 99% used [0x00000000d6e80000,0x00000000d727f750,0x00000000d7280000)
  to   space 5632K, 0% used [0x00000000d7380000,0x00000000d7380000,0x00000000d7900000)
 ParOldGen       total 68608K, used 7872K [0x0000000080000000, 0x0000000084300000, 0x00000000d5580000)
  object space 68608K, 11% used [0x0000000080000000,0x00000000807b0048,0x0000000084300000)
 Metaspace       used 15522K, committed 16192K, reserved 1114112K
  class space    used 1619K, committed 1920K, reserved 1048576K
}
Event: 7.594 GC heap before
{Heap before GC invocations=6 (full 0):
 PSYoungGen      total 29184K, used 29181K [0x00000000d5580000, 0x00000000d7900000, 0x0000000100000000)
  eden space 25088K, 100% used [0x00000000d5580000,0x00000000d6e00000,0x00000000d6e00000)
  from space 4096K, 99% used [0x00000000d6e80000,0x00000000d727f750,0x00000000d7280000)
  to   space 5632K, 0% used [0x00000000d7380000,0x00000000d7380000,0x00000000d7900000)
 ParOldGen       total 68608K, used 7872K [0x0000000080000000, 0x0000000084300000, 0x00000000d5580000)
  object space 68608K, 11% used [0x0000000080000000,0x00000000807b0048,0x0000000084300000)
 Metaspace       used 18698K, committed 19392K, reserved 1114112K
  class space    used 1971K, committed 2240K, reserved 1048576K
}
Event: 7.603 GC heap after
{Heap after GC invocations=6 (full 0):
 PSYoungGen      total 30208K, used 5215K [0x00000000d5580000, 0x00000000d7900000, 0x0000000100000000)
  eden space 24576K, 0% used [0x00000000d5580000,0x00000000d5580000,0x00000000d6d80000)
  from space 5632K, 92% used [0x00000000d7380000,0x00000000d7897d58,0x00000000d7900000)
  to   space 5632K, 0% used [0x00000000d6e00000,0x00000000d6e00000,0x00000000d7380000)
 ParOldGen       total 68608K, used 7880K [0x0000000080000000, 0x0000000084300000, 0x00000000d5580000)
  object space 68608K, 11% used [0x0000000080000000,0x00000000807b2048,0x0000000084300000)
 Metaspace       used 18698K, committed 19392K, reserved 1114112K
  class space    used 1971K, committed 2240K, reserved 1048576K
}
Event: 8.229 GC heap before
{Heap before GC invocations=7 (full 0):
 PSYoungGen      total 30208K, used 24154K [0x00000000d5580000, 0x00000000d7900000, 0x0000000100000000)
  eden space 24576K, 77% used [0x00000000d5580000,0x00000000d67fee58,0x00000000d6d80000)
  from space 5632K, 92% used [0x00000000d7380000,0x00000000d7897d58,0x00000000d7900000)
  to   space 5632K, 0% used [0x00000000d6e00000,0x00000000d6e00000,0x00000000d7380000)
 ParOldGen       total 68608K, used 7880K [0x0000000080000000, 0x0000000084300000, 0x00000000d5580000)
  object space 68608K, 11% used [0x0000000080000000,0x00000000807b2048,0x0000000084300000)
 Metaspace       used 20641K, committed 21504K, reserved 1114112K
  class space    used 2209K, committed 2560K, reserved 1048576K
}
Event: 8.242 GC heap after
{Heap after GC invocations=7 (full 0):
 PSYoungGen      total 29184K, used 4377K [0x00000000d5580000, 0x00000000d7780000, 0x0000000100000000)
  eden space 24576K, 0% used [0x00000000d5580000,0x00000000d5580000,0x00000000d6d80000)
  from space 4608K, 94% used [0x00000000d6e00000,0x00000000d7246658,0x00000000d7280000)
  to   space 5120K, 0% used [0x00000000d7280000,0x00000000d7280000,0x00000000d7780000)
 ParOldGen       total 68608K, used 9549K [0x0000000080000000, 0x0000000084300000, 0x00000000d5580000)
  object space 68608K, 13% used [0x0000000080000000,0x0000000080953648,0x0000000084300000)
 Metaspace       used 20641K, committed 21504K, reserved 1114112K
  class space    used 2209K, committed 2560K, reserved 1048576K
}
Event: 8.242 GC heap before
{Heap before GC invocations=8 (full 1):
 PSYoungGen      total 29184K, used 4377K [0x00000000d5580000, 0x00000000d7780000, 0x0000000100000000)
  eden space 24576K, 0% used [0x00000000d5580000,0x00000000d5580000,0x00000000d6d80000)
  from space 4608K, 94% used [0x00000000d6e00000,0x00000000d7246658,0x00000000d7280000)
  to   space 5120K, 0% used [0x00000000d7280000,0x00000000d7280000,0x00000000d7780000)
 ParOldGen       total 68608K, used 9549K [0x0000000080000000, 0x0000000084300000, 0x00000000d5580000)
  object space 68608K, 13% used [0x0000000080000000,0x0000000080953648,0x0000000084300000)
 Metaspace       used 20641K, committed 21504K, reserved 1114112K
  class space    used 2209K, committed 2560K, reserved 1048576K
}
Event: 8.292 GC heap after
{Heap after GC invocations=8 (full 1):
 PSYoungGen      total 29184K, used 0K [0x00000000d5580000, 0x00000000d7780000, 0x0000000100000000)
  eden space 24576K, 0% used [0x00000000d5580000,0x00000000d5580000,0x00000000d6d80000)
  from space 4608K, 0% used [0x00000000d6e00000,0x00000000d6e00000,0x00000000d7280000)
  to   space 5120K, 0% used [0x00000000d7280000,0x00000000d7280000,0x00000000d7780000)
 ParOldGen       total 68608K, used 13294K [0x0000000080000000, 0x0000000084300000, 0x00000000d5580000)
  object space 68608K, 19% used [0x0000000080000000,0x0000000080cfbbf0,0x0000000084300000)
 Metaspace       used 20629K, committed 21504K, reserved 1114112K
  class space    used 2205K, committed 2560K, reserved 1048576K
}

Dll operation events (10 events):
Event: 0.099 Loaded shared library c:\Users\DELL\.antigravity\extensions\redhat.java-1.54.0-win32-x64\jre\21.0.10-win32-x86_64\bin\java.dll
Event: 0.222 Loaded shared library c:\Users\DELL\.antigravity\extensions\redhat.java-1.54.0-win32-x64\jre\21.0.10-win32-x86_64\bin\zip.dll
Event: 0.252 Loaded shared library C:\Users\DELL\.antigravity\extensions\redhat.java-1.54.0-win32-x64\jre\21.0.10-win32-x86_64\bin\instrument.dll
Event: 0.262 Loaded shared library C:\Users\DELL\.antigravity\extensions\redhat.java-1.54.0-win32-x64\jre\21.0.10-win32-x86_64\bin\net.dll
Event: 0.265 Loaded shared library C:\Users\DELL\.antigravity\extensions\redhat.java-1.54.0-win32-x64\jre\21.0.10-win32-x86_64\bin\nio.dll
Event: 0.270 Loaded shared library C:\Users\DELL\.antigravity\extensions\redhat.java-1.54.0-win32-x64\jre\21.0.10-win32-x86_64\bin\zip.dll
Event: 0.294 Loaded shared library C:\Users\DELL\.antigravity\extensions\redhat.java-1.54.0-win32-x64\jre\21.0.10-win32-x86_64\bin\jimage.dll
Event: 0.430 Loaded shared library c:\Users\DELL\.antigravity\extensions\redhat.java-1.54.0-win32-x64\jre\21.0.10-win32-x86_64\bin\verify.dll
Event: 2.594 Loaded shared library C:\Users\DELL\AppData\Roaming\Antigravity\User\globalStorage\redhat.java\1.54.0\config_win\org.eclipse.equinox.launcher\org.eclipse.equinox.launcher.win32.win32.x86_64_1.3.0.v20260203-2149\eclipse_11919.dll
Event: 6.811 Loaded shared library C:\Users\DELL\AppData\Local\Temp\jna-2094529\jna16510558273561010681.dll

Deoptimization events (20 events):
Event: 7.861 Thread 0x000001e6ed8240f0 Uncommon trap: trap_request=0xffffff45 fr.pc=0x000001e6db3e2ee8 relative=0x0000000000000048
Event: 7.861 Thread 0x000001e6ed8240f0 Uncommon trap: reason=unstable_if action=reinterpret pc=0x000001e6db3e2ee8 method=java.lang.StringLatin1.canEncode(C)Z @ 4 c2
Event: 7.861 Thread 0x000001e6ed8240f0 DEOPT PACKING pc=0x000001e6db3e2ee8 sp=0x000000521c3f2fe0
Event: 7.861 Thread 0x000001e6ed8240f0 DEOPT UNPACKING pc=0x000001e6dadb6da2 sp=0x000000521c3f2f68 mode 2
Event: 8.088 Thread 0x000001e6ed8240f0 Uncommon trap: trap_request=0xffffff45 fr.pc=0x000001e6db491494 relative=0x0000000000000074
Event: 8.088 Thread 0x000001e6ed8240f0 Uncommon trap: reason=unstable_if action=reinterpret pc=0x000001e6db491494 method=java.lang.invoke.LambdaForm$BasicType.basicType(C)Ljava/lang/invoke/LambdaForm$BasicType; @ 1 c2
Event: 8.088 Thread 0x000001e6ed8240f0 DEOPT PACKING pc=0x000001e6db491494 sp=0x000000521c3f2520
Event: 8.088 Thread 0x000001e6ed8240f0 DEOPT UNPACKING pc=0x000001e6dadb6da2 sp=0x000000521c3f24b8 mode 2
Event: 8.181 Thread 0x000001e6ed8240f0 Uncommon trap: trap_request=0xffffff45 fr.pc=0x000001e6db45f694 relative=0x0000000000005374
Event: 8.181 Thread 0x000001e6ed8240f0 Uncommon trap: reason=unstable_if action=reinterpret pc=0x000001e6db45f694 method=java.lang.invoke.MethodType.genericMethodType(IZ)Ljava/lang/invoke/MethodType; @ 27 c2
Event: 8.181 Thread 0x000001e6ed8240f0 DEOPT PACKING pc=0x000001e6db45f694 sp=0x000000521c3f27a0
Event: 8.181 Thread 0x000001e6ed8240f0 DEOPT UNPACKING pc=0x000001e6dadb6da2 sp=0x000000521c3f25b0 mode 2
Event: 8.366 Thread 0x000001e6ed8240f0 Uncommon trap: trap_request=0xffffff45 fr.pc=0x000001e6db49d7dc relative=0x0000000000001b7c
Event: 8.366 Thread 0x000001e6ed8240f0 Uncommon trap: reason=unstable_if action=reinterpret pc=0x000001e6db49d7dc method=jdk.internal.org.objectweb.asm.Frame.execute(IILjdk/internal/org/objectweb/asm/Symbol;Ljdk/internal/org/objectweb/asm/SymbolTable;)V @ 1 c2
Event: 8.366 Thread 0x000001e6ed8240f0 DEOPT PACKING pc=0x000001e6db49d7dc sp=0x000000521c3f1b90
Event: 8.366 Thread 0x000001e6ed8240f0 DEOPT UNPACKING pc=0x000001e6dadb6da2 sp=0x000000521c3f1b40 mode 2
Event: 8.424 Thread 0x000001e6ed8240f0 Uncommon trap: trap_request=0xffffff45 fr.pc=0x000001e6db4981cc relative=0x00000000000001ac
Event: 8.424 Thread 0x000001e6ed8240f0 Uncommon trap: reason=unstable_if action=reinterpret pc=0x000001e6db4981cc method=jdk.internal.org.objectweb.asm.Frame.push(I)V @ 26 c2
Event: 8.424 Thread 0x000001e6ed8240f0 DEOPT PACKING pc=0x000001e6db4981cc sp=0x000000521c3f1900
Event: 8.424 Thread 0x000001e6ed8240f0 DEOPT UNPACKING pc=0x000001e6dadb6da2 sp=0x000000521c3f1888 mode 2

Classes loaded (20 events):
Event: 8.463 Loading class java/io/ObjectStreamClass$3 done
Event: 8.464 Loading class java/io/ObjectStreamClass$4
Event: 8.464 Loading class java/io/ObjectStreamClass$4 done
Event: 8.464 Loading class java/io/ObjectStreamClass$5
Event: 8.464 Loading class java/io/ObjectStreamClass$5 done
Event: 8.561 Loading class java/io/ObjectStreamClass$ExceptionInfo
Event: 8.562 Loading class java/io/ObjectStreamClass$ExceptionInfo done
Event: 8.709 Loading class org/w3c/dom/Node
Event: 8.709 Loading class org/w3c/dom/Node done
Event: 8.709 Loading class javax/xml/transform/Result
Event: 8.709 Loading class javax/xml/transform/Result done
Event: 8.709 Loading class javax/xml/transform/Source
Event: 8.709 Loading class javax/xml/transform/Source done
Event: 8.789 Loading class java/util/concurrent/locks/ReentrantReadWriteLock$Sync$HoldCounter
Event: 8.789 Loading class java/util/concurrent/locks/ReentrantReadWriteLock$Sync$HoldCounter done
Event: 8.805 Loading class java/net/Authenticator
Event: 8.805 Loading class java/net/Authenticator done
Event: 8.818 Loading class java/net/SocketAddress
Event: 8.818 Loading class java/net/SocketAddress done
Event: 8.818 Loading class java/net/InetSocketAddress

Classes unloaded (7 events):
Event: 8.249 Thread 0x000001e6e7082ad0 Unloading class 0x000001e6811a2800 'java/lang/invoke/LambdaForm$MH+0x000001e6811a2800'
Event: 8.249 Thread 0x000001e6e7082ad0 Unloading class 0x000001e6811a2400 'java/lang/invoke/LambdaForm$MH+0x000001e6811a2400'
Event: 8.249 Thread 0x000001e6e7082ad0 Unloading class 0x000001e6811a2000 'java/lang/invoke/LambdaForm$MH+0x000001e6811a2000'
Event: 8.249 Thread 0x000001e6e7082ad0 Unloading class 0x000001e6811a1c00 'java/lang/invoke/LambdaForm$MH+0x000001e6811a1c00'
Event: 8.249 Thread 0x000001e6e7082ad0 Unloading class 0x000001e6811a1800 'java/lang/invoke/LambdaForm$BMH+0x000001e6811a1800'
Event: 8.249 Thread 0x000001e6e7082ad0 Unloading class 0x000001e6811a1400 'java/lang/invoke/LambdaForm$DMH+0x000001e6811a1400'
Event: 8.249 Thread 0x000001e6e7082ad0 Unloading class 0x000001e6811a0000 'java/lang/invoke/LambdaForm$DMH+0x000001e6811a0000'

Classes redefined (0 events):
No events

Internal exceptions (20 events):
Event: 8.052 Thread 0x000001e6ed8240f0 Exception <a 'java/lang/NoSuchMethodError'{0x00000000d6487560}: 'long java.lang.invoke.Invokers$Holder.invokeExact_MT(java.lang.Object, java.lang.Object)'> (0x00000000d6487560) 
thrown [s\src\hotspot\share\interpreter\linkResolver.cpp, line 773]
Event: 8.088 Thread 0x000001e6ed8240f0 Exception <a 'java/lang/NoSuchMethodError'{0x00000000d65c1678}: 'long java.lang.invoke.DirectMethodHandle$Holder.invokeStatic(java.lang.Object, java.lang.Object, int)'> (0x00000000d65c1678) 
thrown [s\src\hotspot\share\interpreter\linkResolver.cpp, line 773]
Event: 8.096 Thread 0x000001e6ed8240f0 Exception <a 'java/lang/NoSuchMethodError'{0x00000000d660a4d8}: 'java.lang.Object java.lang.invoke.DirectMethodHandle$Holder.invokeStatic(java.lang.Object, java.lang.Object, java.lang.Object, java.lang.Object, int, java.lang.Object)'> (0x00000000d660a4d8) 
thrown [s\src\hotspot\share\interpreter\linkResolver.cpp, line 773]
Event: 8.099 Thread 0x000001e6ed8240f0 Exception <a 'java/lang/NoSuchMethodError'{0x00000000d66246b8}: 'java.lang.Object java.lang.invoke.DirectMethodHandle$Holder.invokeStaticInit(java.lang.Object, java.lang.Object, java.lang.Object, java.lang.Object, java.lang.Object, java.lang.Object, java.lang.Object)'> (0x00000000d66246b8) 
thrown [s\src\hotspot\share\interpreter\linkResolver.cpp, line 773]
Event: 8.100 Thread 0x000001e6ed8240f0 Exception <a 'java/lang/NoSuchMethodError'{0x00000000d6629e58}: 'java.lang.Object java.lang.invoke.Invokers$Holder.invoke_MT(java.lang.Object, java.lang.Object, java.lang.Object, java.lang.Object, java.lang.Object, java.lang.Object, java.lang.Object, java.lang.Object, java.lang.Object)'> (0x00000000d6629e58) 
thrown [s\src\hotspot\share\interpreter\linkResolver.cpp, line 773]
Event: 8.104 Thread 0x000001e6ed8240f0 Exception <a 'java/lang/NoSuchMethodError'{0x00000000d665efa8}: 'int java.lang.invoke.DirectMethodHandle$Holder.invokeVirtual(java.lang.Object, java.lang.Object, java.lang.Object)'> (0x00000000d665efa8) 
thrown [s\src\hotspot\share\interpreter\linkResolver.cpp, line 773]
Event: 8.105 Thread 0x000001e6ed8240f0 Exception <a 'java/lang/NoSuchMethodError'{0x00000000d6663f40}: 'int java.lang.invoke.DirectMethodHandle$Holder.invokeStaticInit(java.lang.Object, int, int)'> (0x00000000d6663f40) 
thrown [s\src\hotspot\share\interpreter\linkResolver.cpp, line 773]
Event: 8.107 Thread 0x000001e6ed8240f0 Exception <a 'java/lang/NoSuchMethodError'{0x00000000d666c2c8}: 'int java.lang.invoke.DirectMethodHandle$Holder.invokeStaticInit(java.lang.Object, long, long)'> (0x00000000d666c2c8) 
thrown [s\src\hotspot\share\interpreter\linkResolver.cpp, line 773]
Event: 8.108 Thread 0x000001e6ed8240f0 Exception <a 'java/lang/NoSuchMethodError'{0x00000000d6673c80}: 'int java.lang.invoke.DirectMethodHandle$Holder.invokeStaticInit(java.lang.Object, float, float)'> (0x00000000d6673c80) 
thrown [s\src\hotspot\share\interpreter\linkResolver.cpp, line 773]
Event: 8.108 Thread 0x000001e6ed8240f0 Exception <a 'java/lang/NoSuchMethodError'{0x00000000d667b630}: 'int java.lang.invoke.DirectMethodHandle$Holder.invokeStaticInit(java.lang.Object, double, double)'> (0x00000000d667b630) 
thrown [s\src\hotspot\share\interpreter\linkResolver.cpp, line 773]
Event: 8.109 Thread 0x000001e6ed8240f0 Exception <a 'java/lang/NoSuchMethodError'{0x00000000d6680a48}: 'int java.lang.invoke.DirectMethodHandle$Holder.invokeStatic(java.lang.Object, long)'> (0x00000000d6680a48) 
thrown [s\src\hotspot\share\interpreter\linkResolver.cpp, line 773]
Event: 8.112 Thread 0x000001e6ed8240f0 Exception <a 'java/lang/NoSuchMethodError'{0x00000000d669f730}: 'int java.lang.invoke.Invokers$Holder.linkToTargetMethod(java.lang.Object, java.lang.Object)'> (0x00000000d669f730) 
thrown [s\src\hotspot\share\interpreter\linkResolver.cpp, line 773]
Event: 8.185 Thread 0x000001e6ed8240f0 Exception <a 'java/lang/NoSuchMethodError'{0x00000000d676f3d0}: 'java.lang.Object java.lang.invoke.Invokers$Holder.invoke_MT(java.lang.Object, java.lang.Object, java.lang.Object, java.lang.Object, java.lang.Object, java.lang.Object, java.lang.Object, java.lang.Object, java.lang.Object, java.lang.Object, java.lang.Object)'> (0x00000000d676f3d0) 
thrown [s\src\hotspot\share\interpreter\linkResolver.cpp, line 773]
Event: 8.301 Thread 0x000001e6ed8240f0 Exception <a 'java/lang/NoSuchMethodError'{0x00000000d5589a08}: 'java.lang.Object java.lang.invoke.Invokers$Holder.invoke_MT(java.lang.Object, java.lang.Object, java.lang.Object, java.lang.Object, java.lang.Object, java.lang.Object, java.lang.Object, java.lang.Object, java.lang.Object, java.lang.Object)'> (0x00000000d5589a08) 
thrown [s\src\hotspot\share\interpreter\linkResolver.cpp, line 773]
Event: 8.336 Thread 0x000001e6ed8240f0 Exception <a 'java/lang/NoSuchMethodError'{0x00000000d563bf10}: 'java.lang.Object java.lang.invoke.DirectMethodHandle$Holder.newInvokeSpecial(java.lang.Object, java.lang.Object, java.lang.Object, java.lang.Object, java.lang.Object, java.lang.Object, java.lang.Object)'> (0x00000000d563bf10) 
thrown [s\src\hotspot\share\interpreter\linkResolver.cpp, line 773]
Event: 8.425 Thread 0x000001e6ed8240f0 Exception <a 'java/lang/NoSuchMethodError'{0x00000000d56b3898}: 'java.lang.Object java.lang.invoke.Invokers$Holder.invoker(java.lang.Object, java.lang.Object, java.lang.Object, java.lang.Object, java.lang.Object, java.lang.Object, java.lang.Object, java.lang.Object, java.lang.Object, java.lang.Object, java.lang.Object, java.lang.Object, java.lang.Object)'> (0x00000000d56b3898) 
thrown [s\src\hotspot\share\interpreter\linkResolver.cpp, line 773]
Event: 8.427 Thread 0x000001e6ed8240f0 Exception <a 'java/lang/NoSuchMethodError'{0x00000000d56bdd30}: 'java.lang.Object java.lang.invoke.DelegatingMethodHandle$Holder.delegate(java.lang.Object, java.lang.Object, java.lang.Object, java.lang.Object, java.lang.Object, java.lang.Object, java.lang.Object, java.lang.Object, java.lang.Object, java.lang.Object, java.lang.Object, java.lang.Object, java.lang.Object)'> (0x00000000d56bdd30) 
thrown [s\src\hotspot\share\interpreter\linkResolver.cpp, line 773]
Event: 8.463 Thread 0x000001e6ed8240f0 Exception <a 'java/lang/NoSuchMethodError'{0x00000000d572af40}: static Lorg/eclipse/m2e/core/internal/lifecyclemapping/model/PluginExecutionMetadata;.<clinit>()V> (0x00000000d572af40) 
thrown [s\src\hotspot\share\prims\jni.cpp, line 1111]
Event: 8.482 Thread 0x000001e6ed8240f0 Exception <a 'java/lang/NoSuchMethodError'{0x00000000d578afb0}: static Lorg/eclipse/m2e/core/internal/lifecyclemapping/model/PluginExecutionFilter;.<clinit>()V> (0x00000000d578afb0) 
thrown [s\src\hotspot\share\prims\jni.cpp, line 1111]
Event: 8.556 Thread 0x000001e6ed8240f0 Exception <a 'java/lang/NoSuchMethodError'{0x00000000d57be1e0}: static Lorg/eclipse/m2e/core/internal/project/registry/MavenProjectFacade$MavenProjectConfiguration;.<clinit>()V> (0x00000000d57be1e0) 
thrown [s\src\hotspot\share\prims\jni.cpp, line 1111]

ZGC Phase Switch (0 events):
No events

VM Operations (20 events):
Event: 6.437 Executing safepoint VM operation: ParallelGCFailedAllocation (Allocation Failure)
Event: 6.442 Executing safepoint VM operation: ParallelGCFailedAllocation (Allocation Failure) done
Event: 6.622 Executing non-safepoint VM operation: HandshakeAllThreads (Deoptimize)
Event: 6.622 Executing non-safepoint VM operation: HandshakeAllThreads (Deoptimize) done
Event: 6.822 Executing non-safepoint VM operation: HandshakeAllThreads (Deoptimize)
Event: 6.822 Executing non-safepoint VM operation: HandshakeAllThreads (Deoptimize) done
Event: 7.167 Executing non-safepoint VM operation: HandshakeAllThreads (Deoptimize)
Event: 7.167 Executing non-safepoint VM operation: HandshakeAllThreads (Deoptimize) done
Event: 7.281 Executing non-safepoint VM operation: HandshakeAllThreads (Deoptimize)
Event: 7.281 Executing non-safepoint VM operation: HandshakeAllThreads (Deoptimize) done
Event: 7.288 Executing non-safepoint VM operation: HandshakeAllThreads (Deoptimize)
Event: 7.288 Executing non-safepoint VM operation: HandshakeAllThreads (Deoptimize) done
Event: 7.441 Executing safepoint VM operation: ICBufferFull
Event: 7.441 Executing safepoint VM operation: ICBufferFull done
Event: 7.594 Executing safepoint VM operation: ParallelGCFailedAllocation (Allocation Failure)
Event: 7.603 Executing safepoint VM operation: ParallelGCFailedAllocation (Allocation Failure) done
Event: 8.086 Executing non-safepoint VM operation: HandshakeAllThreads (Deoptimize)
Event: 8.086 Executing non-safepoint VM operation: HandshakeAllThreads (Deoptimize) done
Event: 8.229 Executing safepoint VM operation: CollectForMetadataAllocation (Metadata GC Threshold)
Event: 8.292 Executing safepoint VM operation: CollectForMetadataAllocation (Metadata GC Threshold) done

Memory protections (0 events):
No events

Nmethod flushes (0 events):
No events

Events (20 events):
Event: 2.652 Thread 0x000001e6ed823a60 Thread added: 0x000001e6ed822d40
Event: 2.666 Thread 0x000001e6d061eb70 Thread added: 0x000001e6ed8240f0
Event: 2.685 Thread 0x000001e6ed680140 Thread exited: 0x000001e6ed680140
Event: 2.687 Thread 0x000001e6ed67fa90 Thread exited: 0x000001e6ed67fa90
Event: 2.929 Thread 0x000001e6e709f0e0 Thread added: 0x000001e6ed8eb1a0
Event: 2.929 Thread 0x000001e6e709f0e0 Thread added: 0x000001e6ed8eb850
Event: 3.153 Thread 0x000001e6ed8240f0 Thread added: 0x000001e6ed8233d0
Event: 3.503 Thread 0x000001e6ed8eb850 Thread exited: 0x000001e6ed8eb850
Event: 3.503 Thread 0x000001e6ed8eb1a0 Thread exited: 0x000001e6ed8eb1a0
Event: 5.436 Thread 0x000001e6ed8240f0 Thread added: 0x000001e6ed7f4b50
Event: 5.581 Thread 0x000001e6e7099b90 Thread added: 0x000001e6edd98760
Event: 5.581 Thread 0x000001e6e7099b90 Thread added: 0x000001e6edd98e10
Event: 5.855 Thread 0x000001e6edd98e10 Thread exited: 0x000001e6edd98e10
Event: 6.040 Thread 0x000001e6ed8240f0 Thread added: 0x000001e6ed7ef600
Event: 6.138 Thread 0x000001e6edd98760 Thread exited: 0x000001e6edd98760
Event: 6.860 Thread 0x000001e6ed8240f0 Thread added: 0x000001e6ed7efc90
Event: 6.980 Thread 0x000001e6ed8240f0 Thread added: 0x000001e6ed7f1040
Event: 7.030 Thread 0x000001e6ed7f1040 Thread added: 0x000001e6ed7eef70
Event: 7.849 Thread 0x000001e6e7099b90 Thread added: 0x000001e6ef0b3b40
Event: 8.681 Thread 0x000001e6ef0b3b40 Thread exited: 0x000001e6ef0b3b40


Dynamic libraries:
0x00007ff679870000 - 0x00007ff67987e000 	c:\Users\DELL\.antigravity\extensions\redhat.java-1.54.0-win32-x64\jre\21.0.10-win32-x86_64\bin\java.exe
0x00007ffdef2e0000 - 0x00007ffdef4e9000 	C:\Windows\SYSTEM32\ntdll.dll
0x00007ffdedcc0000 - 0x00007ffdedd7d000 	C:\Windows\System32\KERNEL32.DLL
0x00007ffdec7e0000 - 0x00007ffdecb64000 	C:\Windows\System32\KERNELBASE.dll
0x00007ffdecbf0000 - 0x00007ffdecd01000 	C:\Windows\System32\ucrtbase.dll
0x00007ffde5db0000 - 0x00007ffde5dce000 	c:\Users\DELL\.antigravity\extensions\redhat.java-1.54.0-win32-x64\jre\21.0.10-win32-x86_64\bin\VCRUNTIME140.dll
0x00007ffde80f0000 - 0x00007ffde8108000 	c:\Users\DELL\.antigravity\extensions\redhat.java-1.54.0-win32-x64\jre\21.0.10-win32-x86_64\bin\jli.dll
0x00007ffdeeab0000 - 0x00007ffdeec5d000 	C:\Windows\System32\USER32.dll
0x00007ffdecdb0000 - 0x00007ffdecdd6000 	C:\Windows\System32\win32u.dll
0x00007ffded1b0000 - 0x00007ffded1da000 	C:\Windows\System32\GDI32.dll
0x00007ffdecde0000 - 0x00007ffdecefe000 	C:\Windows\System32\gdi32full.dll
0x00007ffdecd10000 - 0x00007ffdecdad000 	C:\Windows\System32\msvcp_win.dll
0x00007ffdcc3e0000 - 0x00007ffdcc685000 	C:\Windows\WinSxS\amd64_microsoft.windows.common-controls_6595b64144ccf1df_6.0.22000.120_none_9d947278b86cc467\COMCTL32.dll
0x00007ffdeed90000 - 0x00007ffdeee33000 	C:\Windows\System32\msvcrt.dll
0x00007ffdeea70000 - 0x00007ffdeeaa1000 	C:\Windows\System32\IMM32.DLL
0x00007ffde9030000 - 0x00007ffde903c000 	c:\Users\DELL\.antigravity\extensions\redhat.java-1.54.0-win32-x64\jre\21.0.10-win32-x86_64\bin\vcruntime140_1.dll
0x00007ffdd56a0000 - 0x00007ffdd572d000 	c:\Users\DELL\.antigravity\extensions\redhat.java-1.54.0-win32-x64\jre\21.0.10-win32-x86_64\bin\msvcp140.dll
0x00007ffd5b5e0000 - 0x00007ffd5c381000 	c:\Users\DELL\.antigravity\extensions\redhat.java-1.54.0-win32-x64\jre\21.0.10-win32-x86_64\bin\server\jvm.dll
0x00007ffdeee40000 - 0x00007ffdeeeee000 	C:\Windows\System32\ADVAPI32.dll
0x00007ffdedc10000 - 0x00007ffdedcae000 	C:\Windows\System32\sechost.dll
0x00007ffdedae0000 - 0x00007ffdedc01000 	C:\Windows\System32\RPCRT4.dll
0x00007ffded130000 - 0x00007ffded19f000 	C:\Windows\System32\WS2_32.dll
0x00007ffdeb060000 - 0x00007ffdeb0ad000 	C:\Windows\SYSTEM32\POWRPROF.dll
0x00007ffdea420000 - 0x00007ffdea453000 	C:\Windows\SYSTEM32\WINMM.dll
0x00007ffde68d0000 - 0x00007ffde68da000 	C:\Windows\SYSTEM32\VERSION.dll
0x00007ffdeb190000 - 0x00007ffdeb1a3000 	C:\Windows\SYSTEM32\UMPDC.dll
0x00007ffdeb8d0000 - 0x00007ffdeb8e8000 	C:\Windows\SYSTEM32\kernel.appcore.dll
0x00007ffde8070000 - 0x00007ffde807a000 	c:\Users\DELL\.antigravity\extensions\redhat.java-1.54.0-win32-x64\jre\21.0.10-win32-x86_64\bin\jimage.dll
0x00007ffdea160000 - 0x00007ffdea381000 	C:\Windows\SYSTEM32\DBGHELP.DLL
0x00007ffdea3e0000 - 0x00007ffdea411000 	C:\Windows\SYSTEM32\dbgcore.DLL
0x00007ffdecb70000 - 0x00007ffdecbef000 	C:\Windows\System32\bcryptPrimitives.dll
0x00007ffde70a0000 - 0x00007ffde70af000 	c:\Users\DELL\.antigravity\extensions\redhat.java-1.54.0-win32-x64\jre\21.0.10-win32-x86_64\bin\instrument.dll
0x00007ffde2900000 - 0x00007ffde2920000 	c:\Users\DELL\.antigravity\extensions\redhat.java-1.54.0-win32-x64\jre\21.0.10-win32-x86_64\bin\java.dll
0x00007ffdedd80000 - 0x00007ffdee545000 	C:\Windows\System32\SHELL32.dll
0x00007ffdea7e0000 - 0x00007ffdeb042000 	C:\Windows\SYSTEM32\windows.storage.dll
0x00007ffded2e0000 - 0x00007ffded656000 	C:\Windows\System32\combase.dll
0x00007ffdea670000 - 0x00007ffdea7d7000 	C:\Windows\SYSTEM32\wintypes.dll
0x00007ffdee660000 - 0x00007ffdee74a000 	C:\Windows\System32\SHCORE.dll
0x00007ffdef240000 - 0x00007ffdef29d000 	C:\Windows\System32\shlwapi.dll
0x00007ffdec6a0000 - 0x00007ffdec6c5000 	C:\Windows\SYSTEM32\profapi.dll
0x00007ffde2740000 - 0x00007ffde2758000 	c:\Users\DELL\.antigravity\extensions\redhat.java-1.54.0-win32-x64\jre\21.0.10-win32-x86_64\bin\zip.dll
0x00007ffde67d0000 - 0x00007ffde67e0000 	C:\Users\DELL\.antigravity\extensions\redhat.java-1.54.0-win32-x64\jre\21.0.10-win32-x86_64\bin\net.dll
0x00007ffde7460000 - 0x00007ffde7574000 	C:\Windows\SYSTEM32\WINHTTP.dll
0x00007ffdebd80000 - 0x00007ffdebde7000 	C:\Windows\system32\mswsock.dll
0x00007ffddf720000 - 0x00007ffddf736000 	C:\Users\DELL\.antigravity\extensions\redhat.java-1.54.0-win32-x64\jre\21.0.10-win32-x86_64\bin\nio.dll
0x00007ffde60c0000 - 0x00007ffde60d0000 	c:\Users\DELL\.antigravity\extensions\redhat.java-1.54.0-win32-x64\jre\21.0.10-win32-x86_64\bin\verify.dll
0x00007ffdd53e0000 - 0x00007ffdd5425000 	C:\Users\DELL\AppData\Roaming\Antigravity\User\globalStorage\redhat.java\1.54.0\config_win\org.eclipse.equinox.launcher\org.eclipse.equinox.launcher.win32.win32.x86_64_1.3.0.v20260203-2149\eclipse_11919.dll
0x00007ffdee8d0000 - 0x00007ffdeea6a000 	C:\Windows\System32\ole32.dll
0x00007ffdebfc0000 - 0x00007ffdebfd8000 	C:\Windows\SYSTEM32\CRYPTSP.dll
0x00007ffdeb830000 - 0x00007ffdeb865000 	C:\Windows\system32\rsaenh.dll
0x00007ffdebe70000 - 0x00007ffdebe9c000 	C:\Windows\SYSTEM32\USERENV.dll
0x00007ffdec140000 - 0x00007ffdec167000 	C:\Windows\SYSTEM32\bcrypt.dll
0x00007ffdebfe0000 - 0x00007ffdebfec000 	C:\Windows\SYSTEM32\CRYPTBASE.dll
0x00007ffdeb300000 - 0x00007ffdeb32d000 	C:\Windows\SYSTEM32\IPHLPAPI.DLL
0x00007ffdedcb0000 - 0x00007ffdedcb9000 	C:\Windows\System32\NSI.dll
0x00007ffdd4210000 - 0x00007ffdd4259000 	C:\Users\DELL\AppData\Local\Temp\jna-2094529\jna16510558273561010681.dll
0x00007ffdeed80000 - 0x00007ffdeed88000 	C:\Windows\System32\PSAPI.DLL

JVMTI agents:
c:\Users\DELL\.antigravity\extensions\redhat.java-1.54.0-win32-x64\lombok\lombok-1.18.39-4050.jar path:c:\Users\DELL\.antigravity\extensions\redhat.java-1.54.0-win32-x64\jre\21.0.10-win32-x86_64\bin\instrument.dll, loaded, initialized, instrumentlib options:none

dbghelp: loaded successfully - version: 4.0.5 - missing functions: none
symbol engine: initialized successfully - sym options: 0x614 - pdb path: .;c:\Users\DELL\.antigravity\extensions\redhat.java-1.54.0-win32-x64\jre\21.0.10-win32-x86_64\bin;C:\Windows\SYSTEM32;C:\Windows\WinSxS\amd64_microsoft.windows.common-controls_6595b64144ccf1df_6.0.22000.120_none_9d947278b86cc467;c:\Users\DELL\.antigravity\extensions\redhat.java-1.54.0-win32-x64\jre\21.0.10-win32-x86_64\bin\server;C:\Users\DELL\AppData\Roaming\Antigravity\User\globalStorage\redhat.java\1.54.0\config_win\org.eclipse.equinox.launcher\org.eclipse.equinox.launcher.win32.win32.x86_64_1.3.0.v20260203-2149;C:\Users\DELL\AppData\Local\Temp\jna-2094529

VM Arguments:
jvm_args: --add-modules=ALL-SYSTEM --add-opens=java.base/java.util=ALL-UNNAMED --add-opens=java.base/java.lang=ALL-UNNAMED --add-opens=java.base/sun.nio.fs=ALL-UNNAMED -Declipse.application=org.eclipse.jdt.ls.core.id1 -Dosgi.bundles.defaultStartLevel=4 -Declipse.product=org.eclipse.jdt.ls.core.product -Djava.import.generatesMetadataFilesAtProjectRoot=false -DDetectVMInstallationsJob.disabled=true -Dfile.encoding=utf8 -XX:+UseParallelGC -XX:GCTimeRatio=4 -XX:AdaptiveSizePolicyWeight=90 -Dsun.zip.disableMemoryMapping=true -Xmx2G -Xms100m -Xlog:disable -javaagent:c:\Users\DELL\.antigravity\extensions\redhat.java-1.54.0-win32-x64\lombok\lombok-1.18.39-4050.jar -XX:+HeapDumpOnOutOfMemoryError -XX:HeapDumpPath=c:\Users\DELL\AppData\Roaming\Antigravity\User\workspaceStorage\ef3b6c5f962f6b7ba8e6f6356c8f0770\redhat.java -Daether.dependencyCollector.impl=bf 
java_command: c:\Users\DELL\.antigravity\extensions\redhat.java-1.54.0-win32-x64\server\plugins\org.eclipse.equinox.launcher_1.7.100.v20251111-0406.jar -configuration c:\Users\DELL\AppData\Roaming\Antigravity\User\globalStorage\redhat.java\1.54.0\config_win -data c:\Users\DELL\AppData\Roaming\Antigravity\User\workspaceStorage\ef3b6c5f962f6b7ba8e6f6356c8f0770\redhat.java\jdt_ws --pipe=\\.\pipe\lsp-07964ed404292f6892594097e2815d88-sock
java_class_path (initial): c:\Users\DELL\.antigravity\extensions\redhat.java-1.54.0-win32-x64\server\plugins\org.eclipse.equinox.launcher_1.7.100.v20251111-0406.jar
Launcher Type: SUN_STANDARD

[Global flags]
    uintx AdaptiveSizePolicyWeight                 = 90                                        {product} {command line}
     intx CICompilerCount                          = 4                                         {product} {ergonomic}
    uintx GCTimeRatio                              = 4                                         {product} {command line}
     bool HeapDumpOnOutOfMemoryError               = true                                   {manageable} {command line}
    ccstr HeapDumpPath                             = c:\Users\DELL\AppData\Roaming\Antigravity\User\workspaceStorage\ef3b6c5f962f6b7ba8e6f6356c8f0770\redhat.java         {manageable} {command line}
   size_t InitialHeapSize                          = 104857600                                 {product} {command line}
   size_t MaxHeapSize                              = 2147483648                                {product} {command line}
   size_t MaxNewSize                               = 715653120                                 {product} {ergonomic}
   size_t MinHeapDeltaBytes                        = 524288                                    {product} {ergonomic}
   size_t MinHeapSize                              = 104857600                                 {product} {command line}
   size_t NewSize                                  = 34603008                                  {product} {ergonomic}
    uintx NonNMethodCodeHeapSize                   = 5839372                                {pd product} {ergonomic}
    uintx NonProfiledCodeHeapSize                  = 122909434                              {pd product} {ergonomic}
   size_t OldSize                                  = 70254592                                  {product} {ergonomic}
    uintx ProfiledCodeHeapSize                     = 122909434                              {pd product} {ergonomic}
    uintx ReservedCodeCacheSize                    = 251658240                              {pd product} {ergonomic}
     bool SegmentedCodeCache                       = true                                      {product} {ergonomic}
   size_t SoftMaxHeapSize                          = 2147483648                             {manageable} {ergonomic}
     bool UseCompressedOops                        = true                           {product lp64_product} {ergonomic}
     bool UseLargePagesIndividualAllocation        = false                                  {pd product} {ergonomic}
     bool UseParallelGC                            = true                                      {product} {command line}

Logging:
Log output configuration:
 #0: stdout all=off uptime,level,tags foldmultilines=false
 #1: stderr all=off uptime,level,tags foldmultilines=false

Release file:
JAVA_VERSION="21.0.10" 
MODULES="java.base java.compiler java.datatransfer java.xml java.prefs java.desktop java.instrument java.logging java.management java.security.sasl java.naming java.rmi java.management.rmi java.net.http java.scripting java.security.jgss java.transaction.xa java.sql java.sql.rowset java.xml.crypto java.se java.smartcardio jdk.accessibility jdk.internal.jvmstat jdk.attach jdk.charsets jdk.internal.opt jdk.zipfs jdk.compiler jdk.crypto.ec jdk.crypto.cryptoki jdk.crypto.mscapi jdk.dynalink jdk.internal.ed jdk.editpad jdk.hotspot.agent jdk.httpserver jdk.internal.le jdk.internal.vm.ci jdk.internal.vm.compiler jdk.internal.vm.compiler.management jdk.jartool jdk.javadoc jdk.jcmd jdk.management jdk.management.agent jdk.jconsole jdk.jdeps jdk.jdwp.agent jdk.jdi jdk.jfr jdk.jshell jdk.jsobject jdk.jstatd jdk.localedata jdk.management.jfr jdk.naming.dns jdk.naming.rmi jdk.net jdk.nio.mapmode jdk.random jdk.sctp jdk.security.auth jdk.security.jgss jdk.unsupported jdk.unsupported.desktop jdk.xml.dom" 

Environment Variables:
PATH=C:\Program Files\Common Files\Oracle\Java\javapath;C:\Windows\system32;C:\Windows;C:\Windows\System32\Wbem;C:\Windows\System32\WindowsPowerShell\v1.0\;C:\Windows\System32\OpenSSH\;C:\Program Files\NVIDIA Corporation\NVIDIA NvDLISR;C:\Program Files\dotnet\;C:\Program Files\MySQL\MySQL Server 8.0\bin;C:\Program Files (x86)\Microsoft SQL Server\170\Tools\Binn\;C:\Program Files\Microsoft SQL Server\170\Tools\Binn\;C:\Program Files\Microsoft SQL Server\Client SDK\ODBC\180\Tools\Binn\;C:\Program Files\Microsoft SQL Server\170\DTS\Binn\;D:\Dont Delete This File\Git\cmd;D:\node.js\;C:\Program Files\MySQL\MySQL Shell 8.0\bin\;C:\Users\DELL\AppData\Local\Microsoft\WindowsApps;;C:\Users\DELL\AppData\Local\Programs\Microsoft VS Code\bin;C:\Program Files\Azure Data Studio\bin;C:\Users\DELL\AppData\Roaming\npm;E:\anti_projects\Antigravity\bin
USERNAME=DELL
OS=Windows_NT
PROCESSOR_IDENTIFIER=Intel64 Family 6 Model 140 Stepping 2, GenuineIntel
TMP=C:\Users\DELL\AppData\Local\Temp
TEMP=C:\Users\DELL\AppData\Local\Temp




Periodic native trim disabled

---------------  S Y S T E M  ---------------

OS:
 Windows 11 , 64 bit Build 22000 (10.0.22000.2538)
OS uptime: 35 days 8:03 hours
Hyper-V role detected

CPU: total 8 (initial active 8) (4 cores per cpu, 2 threads per core) family 6 model 140 stepping 2 microcode 0x16, cx8, cmov, fxsr, ht, mmx, 3dnowpref, sse, sse2, sse3, ssse3, sse4.1, sse4.2, popcnt, lzcnt, tsc, tscinvbit, avx, avx2, aes, erms, clmul, bmi1, bmi2, adx, avx512f, avx512dq, avx512cd, avx512bw, avx512vl, sha, fma, vzeroupper, avx512_vpopcntdq, avx512_vpclmulqdq, avx512_vaes, avx512_vnni, clflush, clflushopt, clwb, avx512_vbmi2, avx512_vbmi, hv, rdtscp, rdpid, fsrm, gfni, avx512_bitalg, f16c, cet_ibt, cet_ss, avx512_ifma
Processor Information for the first 8 processors :
  Max Mhz: 2496, Current Mhz: 2496, Mhz Limit: 2496

Memory: 4k page, system-wide physical 16122M (3092M free)
TotalPageFile size 32953M (AvailPageFile size 390M)
current process WorkingSet (physical memory assigned to process): 149M, peak: 149M
current process commit charge ("private bytes"): 279M, peak: 280M

vm_info: OpenJDK 64-Bit Server VM (21.0.10+7-LTS) for windows-amd64 JRE (21.0.10+7-LTS), built on 2026-01-20T00:00:00Z by "admin" with MS VC++ 17.12 (VS2022)

END.
